pinyin,tone,server_name,filename,url,status,size,http_status
a,1,a,a1.mp3,https://s3.amazonaws.com/media.yabla.com/chinese_static/audio/alicia/a1.mp3,downloaded,19434,200
a,2,a,a2.mp3,https://s3.amazonaws.com/media.yabla.com/chinese_static/audio/alicia/a2.mp3,downloaded,14418,200
a,3,a,a3.mp3,https://s3.amazonaws.com/media.yabla.com/chinese_static/audio/alicia/a3.mp3,downloaded,19434,200
a,4,a,a4.mp3,https://s3.amazonaws.com/media.yabla.com/chinese_static/audio/alicia/a4.mp3,downloaded,11284,200
ai,1,ai,ai1.mp3,https://s3.amazonaws.com/media.yabla.com/chinese_static/audio/alicia/ai1.mp3,downloaded,18807,200
ai,2,ai,ai2.mp3,https://s3.amazonaws.com/media.yabla.com/chinese_static/audio/alicia/ai2.mp3,downloaded,11910,200
ai,3,ai,ai3.mp3,https://s3.amazonaws.com/media.yabla.com/chinese_static/audio/alicia/ai3.mp3,downloaded,16299,200
ai,4,ai,ai4.mp3,https://s3.amazonaws.com/media.yabla.com/chinese_static/audio/alicia/ai4.mp3,downloaded,11910,200
an,1,an,an1.mp3,https://s3.amazonaws.com/media.yabla.com/chinese_static/audio/alicia/an1.mp3,downloaded,20061,200
an,2,an,an2.mp3,https://s3.amazonaws.com/media.yabla.com/chinese_static/audio/alicia/an2.mp3,downloaded,14418,200
an,3,an,an3.mp3,https://s3.amazonaws.com/media.yabla.com/chinese_static/audio/alicia/an3.mp3,downloaded,18807,200
an,4,an,an4.mp3,https://s3.amazonaws.com/media.yabla.com/chinese_static/audio/alicia/an4.mp3,downloaded,12537,200
ang,1,ang,ang1.mp3,https://s3.amazonaws.com/media.yabla.com/chinese_static/audio/alicia/ang1.mp3,downloaded,25076,200
ang,2,ang,ang2.mp3,https://s3.amazonaws.com/media.yabla.com/chinese_static/audio/alicia/ang2.mp3,downloaded,16926,200
ang,3,ang,ang3.mp3,https://s3.amazonaws.com/media.yabla.com/chinese_static/audio/alicia/ang3.mp3,downloaded,20061,200
ang,4,ang,ang4.mp3,https://s3.amazonaws.com/media.yabla.com/chinese_static/audio/alicia/ang4.mp3,downloaded,13164,200
ao,1,ao,ao1.mp3,https://s3.amazonaws.com/media.yabla.com/chinese_static/audio/alicia/ao1.mp3,downloaded,18807,200
ao,2,ao,ao2.mp3,https://s3.amazonaws.com/media.yabla.com/chinese_static/audio/alicia/ao2.mp3,downloaded,14418,200
ao,3,ao,ao3.mp3,https://s3.amazonaws.com/media.yabla.com/chinese_static/audio/alicia/ao3.mp3,downloaded,18180,200
ao,4,ao,ao4.mp3,https://s3.amazonaws.com/media.yabla.com/chinese_static/audio/alicia/ao4.mp3,downloaded,13791,200
ba,1,ba,ba1.mp3,https://s3.amazonaws.com/media.yabla.com/chinese_static/audio/alicia/ba1.mp3,downloaded,15672,200
ba,2,ba,ba2.mp3,https://s3.amazonaws.com/media.yabla.com/chinese_static/audio/alicia/ba2.mp3,downloaded,11910,200
ba,3,ba,ba3.mp3,https://s3.amazonaws.com/media.yabla.com/chinese_static/audio/alicia/ba3.mp3,downloaded,16926,200
ba,4,ba,ba4.mp3,https://s3.amazonaws.com/media.yabla.com/chinese_static/audio/alicia/ba4.mp3,downloaded,10030,200
bai,1,bai,bai1.mp3,https://s3.amazonaws.com/media.yabla.com/chinese_static/audio/alicia/bai1.mp3,downloaded,18807,200
bai,2,bai,bai2.mp3,https://s3.amazonaws.com/media.yabla.com/chinese_static/audio/alicia/bai2.mp3,downloaded,10657,200
bai,3,bai,bai3.mp3,https://s3.amazonaws.com/media.yabla.com/chinese_static/audio/alicia/bai3.mp3,downloaded,16926,200
bai,4,bai,bai4.mp3,https://s3.amazonaws.com/media.yabla.com/chinese_static/audio/alicia/bai4.mp3,downloaded,10657,200
ban,1,ban,ban1.mp3,https://s3.amazonaws.com/media.yabla.com/chinese_static/audio/alicia/ban1.mp3,downloaded,17553,200
ban,2,ban,ban2.mp3,https://s3.amazonaws.com/media.yabla.com/chinese_static/audio/alicia/ban2.mp3,downloaded,14418,200
ban,3,ban,ban3.mp3,https://s3.amazonaws.com/media.yabla.com/chinese_static/audio/alicia/ban3.mp3,downloaded,19434,200
ban,4,ban,ban4.mp3,https://s3.amazonaws.com/media.yabla.com/chinese_static/audio/alicia/ban4.mp3,downloaded,14418,200
bang,1,bang,bang1.mp3,https://s3.amazonaws.com/media.yabla.com/chinese_static/audio/alicia/bang1.mp3,downloaded,23195,200
bang,2,bang,bang2.mp3,https://s3.amazonaws.com/media.yabla.com/chinese_static/audio/alicia/bang2.mp3,downloaded,16299,200
bang,3,bang,bang3.mp3,https://s3.amazonaws.com/media.yabla.com/chinese_static/audio/alicia/bang3.mp3,downloaded,21315,200
bang,4,bang,bang4.mp3,https://s3.amazonaws.com/media.yabla.com/chinese_static/audio/alicia/bang4.mp3,downloaded,13791,200
bao,1,bao,bao1.mp3,https://s3.amazonaws.com/media.yabla.com/chinese_static/audio/alicia/bao1.mp3,downloaded,17553,200
bao,2,bao,bao2.mp3,https://s3.amazonaws.com/media.yabla.com/chinese_static/audio/alicia/bao2.mp3,downloaded,13791,200
bao,3,bao,bao3.mp3,https://s3.amazonaws.com/media.yabla.com/chinese_static/audio/alicia/bao3.mp3,downloaded,18180,200
bao,4,bao,bao4.mp3,https://s3.amazonaws.com/media.yabla.com/chinese_static/audio/alicia/bao4.mp3,downloaded,12537,200
bei,1,bei,bei1.mp3,https://s3.amazonaws.com/media.yabla.com/chinese_static/audio/alicia/bei1.mp3,downloaded,16299,200
bei,2,bei,bei2.mp3,https://s3.amazonaws.com/media.yabla.com/chinese_static/audio/alicia/bei2.mp3,downloaded,11910,200
bei,3,bei,bei3.mp3,https://s3.amazonaws.com/media.yabla.com/chinese_static/audio/alicia/bei3.mp3,downloaded,18180,200
bei,4,bei,bei4.mp3,https://s3.amazonaws.com/media.yabla.com/chinese_static/audio/alicia/bei4.mp3,downloaded,15672,200
ben,1,ben,ben1.mp3,https://s3.amazonaws.com/media.yabla.com/chinese_static/audio/alicia/ben1.mp3,downloaded,21315,200
ben,2,ben,ben2.mp3,https://s3.amazonaws.com/media.yabla.com/chinese_static/audio/alicia/ben2.mp3,downloaded,15045,200
ben,3,ben,ben3.mp3,https://s3.amazonaws.com/media.yabla.com/chinese_static/audio/alicia/ben3.mp3,downloaded,17553,200
ben,4,ben,ben4.mp3,https://s3.amazonaws.com/media.yabla.com/chinese_static/audio/alicia/ben4.mp3,downloaded,13791,200
beng,1,beng,beng1.mp3,https://s3.amazonaws.com/media.yabla.com/chinese_static/audio/alicia/beng1.mp3,downloaded,21941,200
beng,2,beng,beng2.mp3,https://s3.amazonaws.com/media.yabla.com/chinese_static/audio/alicia/beng2.mp3,downloaded,15045,200
beng,3,beng,beng3.mp3,https://s3.amazonaws.com/media.yabla.com/chinese_static/audio/alicia/beng3.mp3,downloaded,18180,200
beng,4,beng,beng4.mp3,https://s3.amazonaws.com/media.yabla.com/chinese_static/audio/alicia/beng4.mp3,downloaded,14418,200
bi,1,bi,bi1.mp3,https://s3.amazonaws.com/media.yabla.com/chinese_static/audio/alicia/bi1.mp3,downloaded,17553,200
bi,2,bi,bi2.mp3,https://s3.amazonaws.com/media.yabla.com/chinese_static/audio/alicia/bi2.mp3,downloaded,11284,200
bi,3,bi,bi3.mp3,https://s3.amazonaws.com/media.yabla.com/chinese_static/audio/alicia/bi3.mp3,downloaded,18180,200
bi,4,bi,bi4.mp3,https://s3.amazonaws.com/media.yabla.com/chinese_static/audio/alicia/bi4.mp3,downloaded,11284,200
bian,1,bian,bian1.mp3,https://s3.amazonaws.com/media.yabla.com/chinese_static/audio/alicia/bian1.mp3,downloaded,19434,200
bian,2,bian,bian2.mp3,https://s3.amazonaws.com/media.yabla.com/chinese_static/audio/alicia/bian2.mp3,downloaded,14418,200
bian,3,bian,bian3.mp3,https://s3.amazonaws.com/media.yabla.com/chinese_static/audio/alicia/bian3.mp3,downloaded,18807,200
bian,4,bian,bian4.mp3,https://s3.amazonaws.com/media.yabla.com/chinese_static/audio/alicia/bian4.mp3,downloaded,13791,200
biao,1,biao,biao1.mp3,https://s3.amazonaws.com/media.yabla.com/chinese_static/audio/alicia/biao1.mp3,downloaded,25076,200
biao,2,biao,biao2.mp3,https://s3.amazonaws.com/media.yabla.com/chinese_static/audio/alicia/biao2.mp3,downloaded,15672,200
biao,3,biao,biao3.mp3,https://s3.amazonaws.com/media.yabla.com/chinese_static/audio/alicia/biao3.mp3,downloaded,22568,200
biao,4,biao,biao4.mp3,https://s3.amazonaws.com/media.yabla.com/chinese_static/audio/alicia/biao4.mp3,downloaded,14418,200
bie,1,bie,bie1.mp3,https://s3.amazonaws.com/media.yabla.com/chinese_static/audio/alicia/bie1.mp3,downloaded,18807,200
bie,2,bie,bie2.mp3,https://s3.amazonaws.com/media.yabla.com/chinese_static/audio/alicia/bie2.mp3,downloaded,15045,200
bie,3,bie,bie3.mp3,https://s3.amazonaws.com/media.yabla.com/chinese_static/audio/alicia/bie3.mp3,downloaded,19434,200
bie,4,bie,bie4.mp3,https://s3.amazonaws.com/media.yabla.com/chinese_static/audio/alicia/bie4.mp3,downloaded,12537,200
bin,1,bin,bin1.mp3,https://s3.amazonaws.com/media.yabla.com/chinese_static/audio/alicia/bin1.mp3,downloaded,20688,200
bin,2,bin,bin2.mp3,https://s3.amazonaws.com/media.yabla.com/chinese_static/audio/alicia/bin2.mp3,downloaded,13791,200
bin,3,bin,bin3.mp3,https://s3.amazonaws.com/media.yabla.com/chinese_static/audio/alicia/bin3.mp3,downloaded,19434,200
bin,4,bin,bin4.mp3,https://s3.amazonaws.com/media.yabla.com/chinese_static/audio/alicia/bin4.mp3,downloaded,12537,200
bing,1,bing,bing1.mp3,https://s3.amazonaws.com/media.yabla.com/chinese_static/audio/alicia/bing1.mp3,downloaded,35422,200
bing,2,bing,bing2.mp3,https://s3.amazonaws.com/media.yabla.com/chinese_static/audio/alicia/bing2.mp3,downloaded,14418,200
bing,3,bing,bing3.mp3,https://s3.amazonaws.com/media.yabla.com/chinese_static/audio/alicia/bing3.mp3,downloaded,23719,200
bing,4,bing,bing4.mp3,https://s3.amazonaws.com/media.yabla.com/chinese_static/audio/alicia/bing4.mp3,downloaded,14418,200
bo,1,bo,bo1.mp3,https://s3.amazonaws.com/media.yabla.com/chinese_static/audio/alicia/bo1.mp3,downloaded,20061,200
bo,2,bo,bo2.mp3,https://s3.amazonaws.com/media.yabla.com/chinese_static/audio/alicia/bo2.mp3,downloaded,14418,200
bo,3,bo,bo3.mp3,https://s3.amazonaws.com/media.yabla.com/chinese_static/audio/alicia/bo3.mp3,downloaded,17553,200
bo,4,bo,bo4.mp3,https://s3.amazonaws.com/media.yabla.com/chinese_static/audio/alicia/bo4.mp3,downloaded,15672,200
bu,1,bu,bu1.mp3,https://s3.amazonaws.com/media.yabla.com/chinese_static/audio/alicia/bu1.mp3,downloaded,20061,200
bu,2,bu,bu2.mp3,https://s3.amazonaws.com/media.yabla.com/chinese_static/audio/alicia/bu2.mp3,downloaded,13164,200
bu,3,bu,bu3.mp3,https://s3.amazonaws.com/media.yabla.com/chinese_static/audio/alicia/bu3.mp3,downloaded,18180,200
bu,4,bu,bu4.mp3,https://s3.amazonaws.com/media.yabla.com/chinese_static/audio/alicia/bu4.mp3,downloaded,13164,200
ca,1,ca,ca1.mp3,https://s3.amazonaws.com/media.yabla.com/chinese_static/audio/alicia/ca1.mp3,downloaded,17553,200
ca,2,ca,ca2.mp3,https://s3.amazonaws.com/media.yabla.com/chinese_static/audio/alicia/ca2.mp3,downloaded,13164,200
ca,3,ca,ca3.mp3,https://s3.amazonaws.com/media.yabla.com/chinese_static/audio/alicia/ca3.mp3,downloaded,18807,200
ca,4,ca,ca4.mp3,https://s3.amazonaws.com/media.yabla.com/chinese_static/audio/alicia/ca4.mp3,downloaded,11284,200
cai,1,cai,cai1.mp3,https://s3.amazonaws.com/media.yabla.com/chinese_static/audio/alicia/cai1.mp3,downloaded,18807,200
cai,2,cai,cai2.mp3,https://s3.amazonaws.com/media.yabla.com/chinese_static/audio/alicia/cai2.mp3,downloaded,13164,200
cai,3,cai,cai3.mp3,https://s3.amazonaws.com/media.yabla.com/chinese_static/audio/alicia/cai3.mp3,downloaded,19434,200
cai,4,cai,cai4.mp3,https://s3.amazonaws.com/media.yabla.com/chinese_static/audio/alicia/cai4.mp3,downloaded,13164,200
can,1,can,can1.mp3,https://s3.amazonaws.com/media.yabla.com/chinese_static/audio/alicia/can1.mp3,downloaded,21941,200
can,2,can,can2.mp3,https://s3.amazonaws.com/media.yabla.com/chinese_static/audio/alicia/can2.mp3,downloaded,16926,200
can,3,can,can3.mp3,https://s3.amazonaws.com/media.yabla.com/chinese_static/audio/alicia/can3.mp3,downloaded,22568,200
can,4,can,can4.mp3,https://s3.amazonaws.com/media.yabla.com/chinese_static/audio/alicia/can4.mp3,downloaded,16299,200
cang,1,cang,cang1.mp3,https://s3.amazonaws.com/media.yabla.com/chinese_static/audio/alicia/cang1.mp3,downloaded,25703,200
cang,2,cang,cang2.mp3,https://s3.amazonaws.com/media.yabla.com/chinese_static/audio/alicia/cang2.mp3,downloaded,18180,200
cang,3,cang,cang3.mp3,https://s3.amazonaws.com/media.yabla.com/chinese_static/audio/alicia/cang3.mp3,downloaded,25076,200
cang,4,cang,cang4.mp3,https://s3.amazonaws.com/media.yabla.com/chinese_static/audio/alicia/cang4.mp3,downloaded,18180,200
cao,1,cao,cao1.mp3,https://s3.amazonaws.com/media.yabla.com/chinese_static/audio/alicia/cao1.mp3,downloaded,23822,200
cao,2,cao,cao2.mp3,https://s3.amazonaws.com/media.yabla.com/chinese_static/audio/alicia/cao2.mp3,downloaded,17553,200
cao,3,cao,cao3.mp3,https://s3.amazonaws.com/media.yabla.com/chinese_static/audio/alicia/cao3.mp3,downloaded,20061,200
cao,4,cao,cao4.mp3,https://s3.amazonaws.com/media.yabla.com/chinese_static/audio/alicia/cao4.mp3,downloaded,17553,200
ce,1,ce,ce1.mp3,https://s3.amazonaws.com/media.yabla.com/chinese_static/audio/alicia/ce1.mp3,downloaded,21941,200
ce,2,ce,ce2.mp3,https://s3.amazonaws.com/media.yabla.com/chinese_static/audio/alicia/ce2.mp3,downloaded,15045,200
ce,3,ce,ce3.mp3,https://s3.amazonaws.com/media.yabla.com/chinese_static/audio/alicia/ce3.mp3,downloaded,22568,200
ce,4,ce,ce4.mp3,https://s3.amazonaws.com/media.yabla.com/chinese_static/audio/alicia/ce4.mp3,downloaded,14418,200
cen,1,cen,cen1.mp3,https://s3.amazonaws.com/media.yabla.com/chinese_static/audio/alicia/cen1.mp3,downloaded,22568,200
cen,2,cen,cen2.mp3,https://s3.amazonaws.com/media.yabla.com/chinese_static/audio/alicia/cen2.mp3,downloaded,15672,200
cen,3,cen,cen3.mp3,https://s3.amazonaws.com/media.yabla.com/chinese_static/audio/alicia/cen3.mp3,downloaded,20061,200
cen,4,cen,cen4.mp3,https://s3.amazonaws.com/media.yabla.com/chinese_static/audio/alicia/cen4.mp3,downloaded,16299,200
ceng,1,ceng,ceng1.mp3,https://s3.amazonaws.com/media.yabla.com/chinese_static/audio/alicia/ceng1.mp3,downloaded,24240,200
ceng,2,ceng,ceng2.mp3,https://s3.amazonaws.com/media.yabla.com/chinese_static/audio/alicia/ceng2.mp3,downloaded,28002,200
ceng,3,ceng,ceng3.mp3,https://s3.amazonaws.com/media.yabla.com/chinese_static/audio/alicia/ceng3.mp3,downloaded,24240,200
ceng,4,ceng,ceng4.mp3,https://s3.amazonaws.com/media.yabla.com/chinese_static/audio/alicia/ceng4.mp3,downloaded,27584,200
cha,1,cha,cha1.mp3,https://s3.amazonaws.com/media.yabla.com/chinese_static/audio/alicia/cha1.mp3,downloaded,17553,200
cha,2,cha,cha2.mp3,https://s3.amazonaws.com/media.yabla.com/chinese_static/audio/alicia/cha2.mp3,downloaded,12537,200
cha,3,cha,cha3.mp3,https://s3.amazonaws.com/media.yabla.com/chinese_static/audio/alicia/cha3.mp3,downloaded,18807,200
cha,4,cha,cha4.mp3,https://s3.amazonaws.com/media.yabla.com/chinese_static/audio/alicia/cha4.mp3,downloaded,12537,200
chai,1,chai,chai1.mp3,https://s3.amazonaws.com/media.yabla.com/chinese_static/audio/alicia/chai1.mp3,downloaded,18807,200
chai,2,chai,chai2.mp3,https://s3.amazonaws.com/media.yabla.com/chinese_static/audio/alicia/chai2.mp3,downloaded,13791,200
chai,3,chai,chai3.mp3,https://s3.amazonaws.com/media.yabla.com/chinese_static/audio/alicia/chai3.mp3,downloaded,17553,200
chai,4,chai,chai4.mp3,https://s3.amazonaws.com/media.yabla.com/chinese_static/audio/alicia/chai4.mp3,downloaded,12537,200
chan,1,chan,chan1.mp3,https://s3.amazonaws.com/media.yabla.com/chinese_static/audio/alicia/chan1.mp3,downloaded,21941,200
chan,2,chan,chan2.mp3,https://s3.amazonaws.com/media.yabla.com/chinese_static/audio/alicia/chan2.mp3,downloaded,16299,200
chan,3,chan,chan3.mp3,https://s3.amazonaws.com/media.yabla.com/chinese_static/audio/alicia/chan3.mp3,downloaded,21941,200
chan,4,chan,chan4.mp3,https://s3.amazonaws.com/media.yabla.com/chinese_static/audio/alicia/chan4.mp3,downloaded,16926,200
chang,1,chang,chang1.mp3,https://s3.amazonaws.com/media.yabla.com/chinese_static/audio/alicia/chang1.mp3,downloaded,23822,200
chang,2,chang,chang2.mp3,https://s3.amazonaws.com/media.yabla.com/chinese_static/audio/alicia/chang2.mp3,downloaded,23822,200
chang,3,chang,chang3.mp3,https://s3.amazonaws.com/media.yabla.com/chinese_static/audio/alicia/chang3.mp3,downloaded,25494,200
chang,4,chang,chang4.mp3,https://s3.amazonaws.com/media.yabla.com/chinese_static/audio/alicia/chang4.mp3,downloaded,23822,200
chao,1,chao,chao1.mp3,https://s3.amazonaws.com/media.yabla.com/chinese_static/audio/alicia/chao1.mp3,downloaded,22568,200
chao,2,chao,chao2.mp3,https://s3.amazonaws.com/media.yabla.com/chinese_static/audio/alicia/chao2.mp3,downloaded,16299,200
chao,3,chao,chao3.mp3,https://s3.amazonaws.com/media.yabla.com/chinese_static/audio/alicia/chao3.mp3,downloaded,20061,200
chao,4,chao,chao4.mp3,https://s3.amazonaws.com/media.yabla.com/chinese_static/audio/alicia/chao4.mp3,downloaded,16299,200
che,1,che,che1.mp3,https://s3.amazonaws.com/media.yabla.com/chinese_static/audio/alicia/che1.mp3,downloaded,25076,200
che,2,che,che2.mp3,https://s3.amazonaws.com/media.yabla.com/chinese_static/audio/alicia/che2.mp3,downloaded,17553,200
che,3,che,che3.mp3,https://s3.amazonaws.com/media.yabla.com/chinese_static/audio/alicia/che3.mp3,downloaded,23195,200
che,4,che,che4.mp3,https://s3.amazonaws.com/media.yabla.com/chinese_static/audio/alicia/che4.mp3,downloaded,15672,200
chen,1,chen,chen1.mp3,https://s3.amazonaws.com/media.yabla.com/chinese_static/audio/alicia/chen1.mp3,downloaded,20688,200
chen,2,chen,chen2.mp3,https://s3.amazonaws.com/media.yabla.com/chinese_static/audio/alicia/chen2.mp3,downloaded,17553,200
chen,3,chen,chen3.mp3,https://s3.amazonaws.com/media.yabla.com/chinese_static/audio/alicia/chen3.mp3,downloaded,20061,200
chen,4,chen,chen4.mp3,https://s3.amazonaws.com/media.yabla.com/chinese_static/audio/alicia/chen4.mp3,downloaded,11284,200
cheng,1,cheng,cheng1.mp3,https://s3.amazonaws.com/media.yabla.com/chinese_static/audio/alicia/cheng1.mp3,downloaded,23822,200
cheng,2,cheng,cheng2.mp3,https://s3.amazonaws.com/media.yabla.com/chinese_static/audio/alicia/cheng2.mp3,downloaded,21732,200
cheng,3,cheng,cheng3.mp3,https://s3.amazonaws.com/media.yabla.com/chinese_static/audio/alicia/cheng3.mp3,downloaded,24240,200
cheng,4,cheng,cheng4.mp3,https://s3.amazonaws.com/media.yabla.com/chinese_static/audio/alicia/cheng4.mp3,downloaded,21732,200
chi,1,chi,chi1.mp3,https://s3.amazonaws.com/media.yabla.com/chinese_static/audio/alicia/chi1.mp3,downloaded,21315,200
chi,2,chi,chi2.mp3,https://s3.amazonaws.com/media.yabla.com/chinese_static/audio/alicia/chi2.mp3,downloaded,15045,200
chi,3,chi,chi3.mp3,https://s3.amazonaws.com/media.yabla.com/chinese_static/audio/alicia/chi3.mp3,downloaded,21941,200
chi,4,chi,chi4.mp3,https://s3.amazonaws.com/media.yabla.com/chinese_static/audio/alicia/chi4.mp3,downloaded,16299,200
chong,1,chong,chong1.mp3,https://s3.amazonaws.com/media.yabla.com/chinese_static/audio/alicia/chong1.mp3,downloaded,22568,200
chong,2,chong,chong2.mp3,https://s3.amazonaws.com/media.yabla.com/chinese_static/audio/alicia/chong2.mp3,downloaded,15672,200
chong,3,chong,chong3.mp3,https://s3.amazonaws.com/media.yabla.com/chinese_static/audio/alicia/chong3.mp3,downloaded,22568,200
chong,4,chong,chong4.mp3,https://s3.amazonaws.com/media.yabla.com/chinese_static/audio/alicia/chong4.mp3,downloaded,16299,200
chou,1,chou,chou1.mp3,https://s3.amazonaws.com/media.yabla.com/chinese_static/audio/alicia/chou1.mp3,downloaded,20688,200
chou,2,chou,chou2.mp3,https://s3.amazonaws.com/media.yabla.com/chinese_static/audio/alicia/chou2.mp3,downloaded,16299,200
chou,3,chou,chou3.mp3,https://s3.amazonaws.com/media.yabla.com/chinese_static/audio/alicia/chou3.mp3,downloaded,25076,200
chou,4,chou,chou4.mp3,https://s3.amazonaws.com/media.yabla.com/chinese_static/audio/alicia/chou4.mp3,downloaded,16299,200
chu,1,chu,chu1.mp3,https://s3.amazonaws.com/media.yabla.com/chinese_static/audio/alicia/chu1.mp3,downloaded,21941,200
chu,2,chu,chu2.mp3,https://s3.amazonaws.com/media.yabla.com/chinese_static/audio/alicia/chu2.mp3,downloaded,15672,200
chu,3,chu,chu3.mp3,https://s3.amazonaws.com/media.yabla.com/chinese_static/audio/alicia/chu3.mp3,downloaded,21941,200
chu,4,chu,chu4.mp3,https://s3.amazonaws.com/media.yabla.com/chinese_static/audio/alicia/chu4.mp3,downloaded,15045,200
chua,1,chua,chua1.mp3,https://s3.amazonaws.com/media.yabla.com/chinese_static/audio/alicia/chua1.mp3,downloaded,24449,200
chua,2,chua,chua2.mp3,https://s3.amazonaws.com/media.yabla.com/chinese_static/audio/alicia/chua2.mp3,downloaded,15045,200
chua,3,chua,chua3.mp3,https://s3.amazonaws.com/media.yabla.com/chinese_static/audio/alicia/chua3.mp3,downloaded,22568,200
chua,4,chua,chua4.mp3,https://s3.amazonaws.com/media.yabla.com/chinese_static/audio/alicia/chua4.mp3,downloaded,16299,200
chuai,1,chuai,chuai1.mp3,https://s3.amazonaws.com/media.yabla.com/chinese_static/audio/alicia/chuai1.mp3,downloaded,23195,200
chuai,2,chuai,chuai2.mp3,https://s3.amazonaws.com/media.yabla.com/chinese_static/audio/alicia/chuai2.mp3,downloaded,16299,200
chuai,3,chuai,chuai3.mp3,https://s3.amazonaws.com/media.yabla.com/chinese_static/audio/alicia/chuai3.mp3,downloaded,21941,200
chuai,4,chuai,chuai4.mp3,https://s3.amazonaws.com/media.yabla.com/chinese_static/audio/alicia/chuai4.mp3,downloaded,14418,200
chuan,1,chuan,chuan1.mp3,https://s3.amazonaws.com/media.yabla.com/chinese_static/audio/alicia/chuan1.mp3,downloaded,23822,200
chuan,2,chuan,chuan2.mp3,https://s3.amazonaws.com/media.yabla.com/chinese_static/audio/alicia/chuan2.mp3,downloaded,20061,200
chuan,3,chuan,chuan3.mp3,https://s3.amazonaws.com/media.yabla.com/chinese_static/audio/alicia/chuan3.mp3,downloaded,22568,200
chuan,4,chuan,chuan4.mp3,https://s3.amazonaws.com/media.yabla.com/chinese_static/audio/alicia/chuan4.mp3,downloaded,16299,200
chuang,1,chuang,chuang1.mp3,https://s3.amazonaws.com/media.yabla.com/chinese_static/audio/alicia/chuang1.mp3,downloaded,23195,200
chuang,2,chuang,chuang2.mp3,https://s3.amazonaws.com/media.yabla.com/chinese_static/audio/alicia/chuang2.mp3,downloaded,17553,200
chuang,3,chuang,chuang3.mp3,https://s3.amazonaws.com/media.yabla.com/chinese_static/audio/alicia/chuang3.mp3,downloaded,24449,200
chuang,4,chuang,chuang4.mp3,https://s3.amazonaws.com/media.yabla.com/chinese_static/audio/alicia/chuang4.mp3,downloaded,16299,200
chui,1,chui,chui1.mp3,https://s3.amazonaws.com/media.yabla.com/chinese_static/audio/alicia/chui1.mp3,downloaded,22568,200
chui,2,chui,chui2.mp3,https://s3.amazonaws.com/media.yabla.com/chinese_static/audio/alicia/chui2.mp3,downloaded,16299,200
chui,3,chui,chui3.mp3,https://s3.amazonaws.com/media.yabla.com/chinese_static/audio/alicia/chui3.mp3,downloaded,21941,200
chui,4,chui,chui4.mp3,https://s3.amazonaws.com/media.yabla.com/chinese_static/audio/alicia/chui4.mp3,downloaded,15672,200
chun,1,chun,chun1.mp3,https://s3.amazonaws.com/media.yabla.com/chinese_static/audio/alicia/chun1.mp3,downloaded,19434,200
chun,2,chun,chun2.mp3,https://s3.amazonaws.com/media.yabla.com/chinese_static/audio/alicia/chun2.mp3,downloaded,15045,200
chun,3,chun,chun3.mp3,https://s3.amazonaws.com/media.yabla.com/chinese_static/audio/alicia/chun3.mp3,downloaded,18807,200
chun,4,chun,chun4.mp3,https://s3.amazonaws.com/media.yabla.com/chinese_static/audio/alicia/chun4.mp3,downloaded,15045,200
chuo,1,chuo,chuo1.mp3,https://s3.amazonaws.com/media.yabla.com/chinese_static/audio/alicia/chuo1.mp3,downloaded,21941,200
chuo,2,chuo,chuo2.mp3,https://s3.amazonaws.com/media.yabla.com/chinese_static/audio/alicia/chuo2.mp3,downloaded,16926,200
chuo,3,chuo,chuo3.mp3,https://s3.amazonaws.com/media.yabla.com/chinese_static/audio/alicia/chuo3.mp3,downloaded,25703,200
chuo,4,chuo,chuo4.mp3,https://s3.amazonaws.com/media.yabla.com/chinese_static/audio/alicia/chuo4.mp3,downloaded,16926,200
ci,1,ci,ci1.mp3,https://s3.amazonaws.com/media.yabla.com/chinese_static/audio/alicia/ci1.mp3,downloaded,22568,200
ci,2,ci,ci2.mp3,https://s3.amazonaws.com/media.yabla.com/chinese_static/audio/alicia/ci2.mp3,downloaded,16926,200
ci,3,ci,ci3.mp3,https://s3.amazonaws.com/media.yabla.com/chinese_static/audio/alicia/ci3.mp3,downloaded,20061,200
ci,4,ci,ci4.mp3,https://s3.amazonaws.com/media.yabla.com/chinese_static/audio/alicia/ci4.mp3,downloaded,14418,200
cong,1,cong,cong1.mp3,https://s3.amazonaws.com/media.yabla.com/chinese_static/audio/alicia/cong1.mp3,downloaded,23822,200
cong,2,cong,cong2.mp3,https://s3.amazonaws.com/media.yabla.com/chinese_static/audio/alicia/cong2.mp3,downloaded,16926,200
cong,3,cong,cong3.mp3,https://s3.amazonaws.com/media.yabla.com/chinese_static/audio/alicia/cong3.mp3,downloaded,21941,200
cong,4,cong,cong4.mp3,https://s3.amazonaws.com/media.yabla.com/chinese_static/audio/alicia/cong4.mp3,downloaded,16926,200
cou,1,cou,cou1.mp3,https://s3.amazonaws.com/media.yabla.com/chinese_static/audio/alicia/cou1.mp3,downloaded,21315,200
cou,2,cou,cou2.mp3,https://s3.amazonaws.com/media.yabla.com/chinese_static/audio/alicia/cou2.mp3,downloaded,18180,200
cou,3,cou,cou3.mp3,https://s3.amazonaws.com/media.yabla.com/chinese_static/audio/alicia/cou3.mp3,downloaded,23195,200
cou,4,cou,cou4.mp3,https://s3.amazonaws.com/media.yabla.com/chinese_static/audio/alicia/cou4.mp3,downloaded,15672,200
cu,1,cu,cu1.mp3,https://s3.amazonaws.com/media.yabla.com/chinese_static/audio/alicia/cu1.mp3,downloaded,21315,200
cu,2,cu,cu2.mp3,https://s3.amazonaws.com/media.yabla.com/chinese_static/audio/alicia/cu2.mp3,downloaded,16299,200
cu,3,cu,cu3.mp3,https://s3.amazonaws.com/media.yabla.com/chinese_static/audio/alicia/cu3.mp3,downloaded,24449,200
cu,4,cu,cu4.mp3,https://s3.amazonaws.com/media.yabla.com/chinese_static/audio/alicia/cu4.mp3,downloaded,15672,200
cuan,1,cuan,cuan1.mp3,https://s3.amazonaws.com/media.yabla.com/chinese_static/audio/alicia/cuan1.mp3,downloaded,25076,200
cuan,2,cuan,cuan2.mp3,https://s3.amazonaws.com/media.yabla.com/chinese_static/audio/alicia/cuan2.mp3,downloaded,17553,200
cuan,3,cuan,cuan3.mp3,https://s3.amazonaws.com/media.yabla.com/chinese_static/audio/alicia/cuan3.mp3,downloaded,24449,200
cuan,4,cuan,cuan4.mp3,https://s3.amazonaws.com/media.yabla.com/chinese_static/audio/alicia/cuan4.mp3,downloaded,18807,200
cui,1,cui,cui1.mp3,https://s3.amazonaws.com/media.yabla.com/chinese_static/audio/alicia/cui1.mp3,downloaded,21941,200
cui,2,cui,cui2.mp3,https://s3.amazonaws.com/media.yabla.com/chinese_static/audio/alicia/cui2.mp3,downloaded,16926,200
cui,3,cui,cui3.mp3,https://s3.amazonaws.com/media.yabla.com/chinese_static/audio/alicia/cui3.mp3,downloaded,24449,200
cui,4,cui,cui4.mp3,https://s3.amazonaws.com/media.yabla.com/chinese_static/audio/alicia/cui4.mp3,downloaded,15045,200
cun,1,cun,cun1.mp3,https://s3.amazonaws.com/media.yabla.com/chinese_static/audio/alicia/cun1.mp3,downloaded,22568,200
cun,2,cun,cun2.mp3,https://s3.amazonaws.com/media.yabla.com/chinese_static/audio/alicia/cun2.mp3,downloaded,17553,200
cun,3,cun,cun3.mp3,https://s3.amazonaws.com/media.yabla.com/chinese_static/audio/alicia/cun3.mp3,downloaded,22568,200
cun,4,cun,cun4.mp3,https://s3.amazonaws.com/media.yabla.com/chinese_static/audio/alicia/cun4.mp3,downloaded,17553,200
cuo,1,cuo,cuo1.mp3,https://s3.amazonaws.com/media.yabla.com/chinese_static/audio/alicia/cuo1.mp3,downloaded,21941,200
cuo,2,cuo,cuo2.mp3,https://s3.amazonaws.com/media.yabla.com/chinese_static/audio/alicia/cuo2.mp3,downloaded,15672,200
cuo,3,cuo,cuo3.mp3,https://s3.amazonaws.com/media.yabla.com/chinese_static/audio/alicia/cuo3.mp3,downloaded,19434,200
cuo,4,cuo,cuo4.mp3,https://s3.amazonaws.com/media.yabla.com/chinese_static/audio/alicia/cuo4.mp3,downloaded,16926,200
da,1,da,da1.mp3,https://s3.amazonaws.com/media.yabla.com/chinese_static/audio/alicia/da1.mp3,downloaded,13791,200
da,2,da,da2.mp3,https://s3.amazonaws.com/media.yabla.com/chinese_static/audio/alicia/da2.mp3,downloaded,10657,200
da,3,da,da3.mp3,https://s3.amazonaws.com/media.yabla.com/chinese_static/audio/alicia/da3.mp3,downloaded,15672,200
da,4,da,da4.mp3,https://s3.amazonaws.com/media.yabla.com/chinese_static/audio/alicia/da4.mp3,downloaded,11284,200
dai,1,dai,dai1.mp3,https://s3.amazonaws.com/media.yabla.com/chinese_static/audio/alicia/dai1.mp3,downloaded,16299,200
dai,2,dai,dai2.mp3,https://s3.amazonaws.com/media.yabla.com/chinese_static/audio/alicia/dai2.mp3,downloaded,11284,200
dai,3,dai,dai3.mp3,https://s3.amazonaws.com/media.yabla.com/chinese_static/audio/alicia/dai3.mp3,downloaded,18180,200
dai,4,dai,dai4.mp3,https://s3.amazonaws.com/media.yabla.com/chinese_static/audio/alicia/dai4.mp3,downloaded,10657,200
dan,1,dan,dan1.mp3,https://s3.amazonaws.com/media.yabla.com/chinese_static/audio/alicia/dan1.mp3,downloaded,21315,200
dan,2,dan,dan2.mp3,https://s3.amazonaws.com/media.yabla.com/chinese_static/audio/alicia/dan2.mp3,downloaded,14418,200
dan,3,dan,dan3.mp3,https://s3.amazonaws.com/media.yabla.com/chinese_static/audio/alicia/dan3.mp3,downloaded,20061,200
dan,4,dan,dan4.mp3,https://s3.amazonaws.com/media.yabla.com/chinese_static/audio/alicia/dan4.mp3,downloaded,13791,200
dang,1,dang,dang1.mp3,https://s3.amazonaws.com/media.yabla.com/chinese_static/audio/alicia/dang1.mp3,downloaded,21941,200
dang,2,dang,dang2.mp3,https://s3.amazonaws.com/media.yabla.com/chinese_static/audio/alicia/dang2.mp3,downloaded,16926,200
dang,3,dang,dang3.mp3,https://s3.amazonaws.com/media.yabla.com/chinese_static/audio/alicia/dang3.mp3,downloaded,22568,200
dang,4,dang,dang4.mp3,https://s3.amazonaws.com/media.yabla.com/chinese_static/audio/alicia/dang4.mp3,downloaded,15045,200
dao,1,dao,dao1.mp3,https://s3.amazonaws.com/media.yabla.com/chinese_static/audio/alicia/dao1.mp3,downloaded,21315,200
dao,2,dao,dao2.mp3,https://s3.amazonaws.com/media.yabla.com/chinese_static/audio/alicia/dao2.mp3,downloaded,14418,200
dao,3,dao,dao3.mp3,https://s3.amazonaws.com/media.yabla.com/chinese_static/audio/alicia/dao3.mp3,downloaded,19434,200
dao,4,dao,dao4.mp3,https://s3.amazonaws.com/media.yabla.com/chinese_static/audio/alicia/dao4.mp3,downloaded,14418,200
de,1,de,de1.mp3,https://s3.amazonaws.com/media.yabla.com/chinese_static/audio/alicia/de1.mp3,downloaded,18807,200
de,2,de,de2.mp3,https://s3.amazonaws.com/media.yabla.com/chinese_static/audio/alicia/de2.mp3,downloaded,15672,200
de,3,de,de3.mp3,https://s3.amazonaws.com/media.yabla.com/chinese_static/audio/alicia/de3.mp3,downloaded,19434,200
de,4,de,de4.mp3,https://s3.amazonaws.com/media.yabla.com/chinese_static/audio/alicia/de4.mp3,downloaded,12537,200
dei,1,dei,dei1.mp3,https://s3.amazonaws.com/media.yabla.com/chinese_static/audio/alicia/dei1.mp3,downloaded,20061,200
dei,2,dei,dei2.mp3,https://s3.amazonaws.com/media.yabla.com/chinese_static/audio/alicia/dei2.mp3,downloaded,14418,200
dei,3,dei,dei3.mp3,https://s3.amazonaws.com/media.yabla.com/chinese_static/audio/alicia/dei3.mp3,downloaded,18807,200
dei,4,dei,dei4.mp3,https://s3.amazonaws.com/media.yabla.com/chinese_static/audio/alicia/dei4.mp3,downloaded,13164,200
den,1,den,den1.mp3,https://s3.amazonaws.com/media.yabla.com/chinese_static/audio/alicia/den1.mp3,downloaded,18389,200
den,2,den,den2.mp3,https://s3.amazonaws.com/media.yabla.com/chinese_static/audio/alicia/den2.mp3,downloaded,17135,200
den,3,den,den3.mp3,https://s3.amazonaws.com/media.yabla.com/chinese_static/audio/alicia/den3.mp3,downloaded,17553,200
den,4,den,den4.mp3,https://s3.amazonaws.com/media.yabla.com/chinese_static/audio/alicia/den4.mp3,downloaded,13373,200
deng,1,deng,deng1.mp3,https://s3.amazonaws.com/media.yabla.com/chinese_static/audio/alicia/deng1.mp3,downloaded,22568,200
deng,2,deng,deng2.mp3,https://s3.amazonaws.com/media.yabla.com/chinese_static/audio/alicia/deng2.mp3,downloaded,18389,200
deng,3,deng,deng3.mp3,https://s3.amazonaws.com/media.yabla.com/chinese_static/audio/alicia/deng3.mp3,downloaded,22986,200
deng,4,deng,deng4.mp3,https://s3.amazonaws.com/media.yabla.com/chinese_static/audio/alicia/deng4.mp3,downloaded,21314,200
di,1,di,di1.mp3,https://s3.amazonaws.com/media.yabla.com/chinese_static/audio/alicia/di1.mp3,downloaded,18180,200
di,2,di,di2.mp3,https://s3.amazonaws.com/media.yabla.com/chinese_static/audio/alicia/di2.mp3,downloaded,11910,200
di,3,di,di3.mp3,https://s3.amazonaws.com/media.yabla.com/chinese_static/audio/alicia/di3.mp3,downloaded,19434,200
di,4,di,di4.mp3,https://s3.amazonaws.com/media.yabla.com/chinese_static/audio/alicia/di4.mp3,downloaded,11284,200
dian,1,dian,dian1.mp3,https://s3.amazonaws.com/media.yabla.com/chinese_static/audio/alicia/dian1.mp3,downloaded,20061,200
dian,2,dian,dian2.mp3,https://s3.amazonaws.com/media.yabla.com/chinese_static/audio/alicia/dian2.mp3,downloaded,15672,200
dian,3,dian,dian3.mp3,https://s3.amazonaws.com/media.yabla.com/chinese_static/audio/alicia/dian3.mp3,downloaded,20688,200
dian,4,dian,dian4.mp3,https://s3.amazonaws.com/media.yabla.com/chinese_static/audio/alicia/dian4.mp3,downloaded,13164,200
diao,1,diao,diao1.mp3,https://s3.amazonaws.com/media.yabla.com/chinese_static/audio/alicia/diao1.mp3,downloaded,23822,200
diao,2,diao,diao2.mp3,https://s3.amazonaws.com/media.yabla.com/chinese_static/audio/alicia/diao2.mp3,downloaded,15672,200
diao,3,diao,diao3.mp3,https://s3.amazonaws.com/media.yabla.com/chinese_static/audio/alicia/diao3.mp3,downloaded,21315,200
diao,4,diao,diao4.mp3,https://s3.amazonaws.com/media.yabla.com/chinese_static/audio/alicia/diao4.mp3,downloaded,14418,200
die,1,die,die1.mp3,https://s3.amazonaws.com/media.yabla.com/chinese_static/audio/alicia/die1.mp3,downloaded,20061,200
die,2,die,die2.mp3,https://s3.amazonaws.com/media.yabla.com/chinese_static/audio/alicia/die2.mp3,downloaded,12537,200
die,3,die,die3.mp3,https://s3.amazonaws.com/media.yabla.com/chinese_static/audio/alicia/die3.mp3,downloaded,20688,200
die,4,die,die4.mp3,https://s3.amazonaws.com/media.yabla.com/chinese_static/audio/alicia/die4.mp3,downloaded,13164,200
ding,1,ding,ding1.mp3,https://s3.amazonaws.com/media.yabla.com/chinese_static/audio/alicia/ding1.mp3,downloaded,20061,200
ding,2,ding,ding2.mp3,https://s3.amazonaws.com/media.yabla.com/chinese_static/audio/alicia/ding2.mp3,downloaded,13791,200
ding,3,ding,ding3.mp3,https://s3.amazonaws.com/media.yabla.com/chinese_static/audio/alicia/ding3.mp3,downloaded,18807,200
ding,4,ding,ding4.mp3,https://s3.amazonaws.com/media.yabla.com/chinese_static/audio/alicia/ding4.mp3,downloaded,13791,200
diu,1,diu,diu1.mp3,https://s3.amazonaws.com/media.yabla.com/chinese_static/audio/alicia/diu1.mp3,downloaded,20061,200
diu,2,diu,diu2.mp3,https://s3.amazonaws.com/media.yabla.com/chinese_static/audio/alicia/diu2.mp3,downloaded,16299,200
diu,3,diu,diu3.mp3,https://s3.amazonaws.com/media.yabla.com/chinese_static/audio/alicia/diu3.mp3,downloaded,17553,200
diu,4,diu,diu4.mp3,https://s3.amazonaws.com/media.yabla.com/chinese_static/audio/alicia/diu4.mp3,downloaded,13164,200
dong,1,dong,dong1.mp3,https://s3.amazonaws.com/media.yabla.com/chinese_static/audio/alicia/dong1.mp3,downloaded,22568,200
dong,2,dong,dong2.mp3,https://s3.amazonaws.com/media.yabla.com/chinese_static/audio/alicia/dong2.mp3,downloaded,15672,200
dong,3,dong,dong3.mp3,https://s3.amazonaws.com/media.yabla.com/chinese_static/audio/alicia/dong3.mp3,downloaded,20061,200
dong,4,dong,dong4.mp3,https://s3.amazonaws.com/media.yabla.com/chinese_static/audio/alicia/dong4.mp3,downloaded,16299,200
dou,1,dou,dou1.mp3,https://s3.amazonaws.com/media.yabla.com/chinese_static/audio/alicia/dou1.mp3,downloaded,21315,200
dou,2,dou,dou2.mp3,https://s3.amazonaws.com/media.yabla.com/chinese_static/audio/alicia/dou2.mp3,downloaded,15672,200
dou,3,dou,dou3.mp3,https://s3.amazonaws.com/media.yabla.com/chinese_static/audio/alicia/dou3.mp3,downloaded,20061,200
dou,4,dou,dou4.mp3,https://s3.amazonaws.com/media.yabla.com/chinese_static/audio/alicia/dou4.mp3,downloaded,15045,200
du,1,du,du1.mp3,https://s3.amazonaws.com/media.yabla.com/chinese_static/audio/alicia/du1.mp3,downloaded,19434,200
du,2,du,du2.mp3,https://s3.amazonaws.com/media.yabla.com/chinese_static/audio/alicia/du2.mp3,downloaded,15045,200
du,3,du,du3.mp3,https://s3.amazonaws.com/media.yabla.com/chinese_static/audio/alicia/du3.mp3,downloaded,20061,200
du,4,du,du4.mp3,https://s3.amazonaws.com/media.yabla.com/chinese_static/audio/alicia/du4.mp3,downloaded,13791,200
duan,1,duan,duan1.mp3,https://s3.amazonaws.com/media.yabla.com/chinese_static/audio/alicia/duan1.mp3,downloaded,23195,200
duan,2,duan,duan2.mp3,https://s3.amazonaws.com/media.yabla.com/chinese_static/audio/alicia/duan2.mp3,downloaded,15045,200
duan,3,duan,duan3.mp3,https://s3.amazonaws.com/media.yabla.com/chinese_static/audio/alicia/duan3.mp3,downloaded,19434,200
duan,4,duan,duan4.mp3,https://s3.amazonaws.com/media.yabla.com/chinese_static/audio/alicia/duan4.mp3,downloaded,14418,200
dui,1,dui,dui1.mp3,https://s3.amazonaws.com/media.yabla.com/chinese_static/audio/alicia/dui1.mp3,downloaded,20061,200
dui,2,dui,dui2.mp3,https://s3.amazonaws.com/media.yabla.com/chinese_static/audio/alicia/dui2.mp3,downloaded,16299,200
dui,3,dui,dui3.mp3,https://s3.amazonaws.com/media.yabla.com/chinese_static/audio/alicia/dui3.mp3,downloaded,19434,200
dui,4,dui,dui4.mp3,https://s3.amazonaws.com/media.yabla.com/chinese_static/audio/alicia/dui4.mp3,downloaded,13791,200
dun,1,dun,dun1.mp3,https://s3.amazonaws.com/media.yabla.com/chinese_static/audio/alicia/dun1.mp3,downloaded,20688,200
dun,2,dun,dun2.mp3,https://s3.amazonaws.com/media.yabla.com/chinese_static/audio/alicia/dun2.mp3,downloaded,15045,200
dun,3,dun,dun3.mp3,https://s3.amazonaws.com/media.yabla.com/chinese_static/audio/alicia/dun3.mp3,downloaded,20061,200
dun,4,dun,dun4.mp3,https://s3.amazonaws.com/media.yabla.com/chinese_static/audio/alicia/dun4.mp3,downloaded,15672,200
duo,1,duo,duo1.mp3,https://s3.amazonaws.com/media.yabla.com/chinese_static/audio/alicia/duo1.mp3,downloaded,21315,200
duo,2,duo,duo2.mp3,https://s3.amazonaws.com/media.yabla.com/chinese_static/audio/alicia/duo2.mp3,downloaded,16299,200
duo,3,duo,duo3.mp3,https://s3.amazonaws.com/media.yabla.com/chinese_static/audio/alicia/duo3.mp3,downloaded,20688,200
duo,4,duo,duo4.mp3,https://s3.amazonaws.com/media.yabla.com/chinese_static/audio/alicia/duo4.mp3,downloaded,15045,200
e,1,e,e1.mp3,https://s3.amazonaws.com/media.yabla.com/chinese_static/audio/alicia/e1.mp3,downloaded,22150,200
e,2,e,e2.mp3,https://s3.amazonaws.com/media.yabla.com/chinese_static/audio/alicia/e2.mp3,downloaded,17971,200
e,3,e,e3.mp3,https://s3.amazonaws.com/media.yabla.com/chinese_static/audio/alicia/e3.mp3,downloaded,19643,200
e,4,e,e4.mp3,https://s3.amazonaws.com/media.yabla.com/chinese_static/audio/alicia/e4.mp3,downloaded,17971,200
en,1,en,en1.mp3,https://s3.amazonaws.com/media.yabla.com/chinese_static/audio/alicia/en1.mp3,downloaded,20061,200
en,2,en,en2.mp3,https://s3.amazonaws.com/media.yabla.com/chinese_static/audio/alicia/en2.mp3,downloaded,16926,200
en,3,en,en3.mp3,https://s3.amazonaws.com/media.yabla.com/chinese_static/audio/alicia/en3.mp3,downloaded,21941,200
en,4,en,en4.mp3,https://s3.amazonaws.com/media.yabla.com/chinese_static/audio/alicia/en4.mp3,downloaded,15672,200
eng,1,eng,eng1.mp3,https://s3.amazonaws.com/media.yabla.com/chinese_static/audio/alicia/eng1.mp3,downloaded,23822,200
eng,2,eng,eng2.mp3,https://s3.amazonaws.com/media.yabla.com/chinese_static/audio/alicia/eng2.mp3,downloaded,17553,200
eng,3,eng,eng3.mp3,https://s3.amazonaws.com/media.yabla.com/chinese_static/audio/alicia/eng3.mp3,downloaded,20061,200
eng,4,eng,eng4.mp3,https://s3.amazonaws.com/media.yabla.com/chinese_static/audio/alicia/eng4.mp3,downloaded,13164,200
er,1,er,er1.mp3,https://s3.amazonaws.com/media.yabla.com/chinese_static/audio/alicia/er1.mp3,downloaded,20688,200
er,2,er,er2.mp3,https://s3.amazonaws.com/media.yabla.com/chinese_static/audio/alicia/er2.mp3,downloaded,16299,200
er,3,er,er3.mp3,https://s3.amazonaws.com/media.yabla.com/chinese_static/audio/alicia/er3.mp3,downloaded,17553,200
er,4,er,er4.mp3,https://s3.amazonaws.com/media.yabla.com/chinese_static/audio/alicia/er4.mp3,downloaded,14418,200
fa,1,fa,fa1.mp3,https://s3.amazonaws.com/media.yabla.com/chinese_static/audio/alicia/fa1.mp3,downloaded,15672,200
fa,2,fa,fa2.mp3,https://s3.amazonaws.com/media.yabla.com/chinese_static/audio/alicia/fa2.mp3,downloaded,11284,200
fa,3,fa,fa3.mp3,https://s3.amazonaws.com/media.yabla.com/chinese_static/audio/alicia/fa3.mp3,downloaded,16299,200
fa,4,fa,fa4.mp3,https://s3.amazonaws.com/media.yabla.com/chinese_static/audio/alicia/fa4.mp3,downloaded,13164,200
fan,1,fan,fan1.mp3,https://s3.amazonaws.com/media.yabla.com/chinese_static/audio/alicia/fan1.mp3,downloaded,21315,200
fan,2,fan,fan2.mp3,https://s3.amazonaws.com/media.yabla.com/chinese_static/audio/alicia/fan2.mp3,downloaded,18180,200
fan,3,fan,fan3.mp3,https://s3.amazonaws.com/media.yabla.com/chinese_static/audio/alicia/fan3.mp3,downloaded,23195,200
fan,4,fan,fan4.mp3,https://s3.amazonaws.com/media.yabla.com/chinese_static/audio/alicia/fan4.mp3,downloaded,15045,200
fang,1,fang,fang1.mp3,https://s3.amazonaws.com/media.yabla.com/chinese_static/audio/alicia/fang1.mp3,downloaded,24449,200
fang,2,fang,fang2.mp3,https://s3.amazonaws.com/media.yabla.com/chinese_static/audio/alicia/fang2.mp3,downloaded,19434,200
fang,3,fang,fang3.mp3,https://s3.amazonaws.com/media.yabla.com/chinese_static/audio/alicia/fang3.mp3,downloaded,23822,200
fang,4,fang,fang4.mp3,https://s3.amazonaws.com/media.yabla.com/chinese_static/audio/alicia/fang4.mp3,downloaded,18180,200
fei,1,fei,fei1.mp3,https://s3.amazonaws.com/media.yabla.com/chinese_static/audio/alicia/fei1.mp3,downloaded,23195,200
fei,2,fei,fei2.mp3,https://s3.amazonaws.com/media.yabla.com/chinese_static/audio/alicia/fei2.mp3,downloaded,15045,200
fei,3,fei,fei3.mp3,https://s3.amazonaws.com/media.yabla.com/chinese_static/audio/alicia/fei3.mp3,downloaded,21941,200
fei,4,fei,fei4.mp3,https://s3.amazonaws.com/media.yabla.com/chinese_static/audio/alicia/fei4.mp3,downloaded,15672,200
fen,1,fen,fen1.mp3,https://s3.amazonaws.com/media.yabla.com/chinese_static/audio/alicia/fen1.mp3,downloaded,25703,200
fen,2,fen,fen2.mp3,https://s3.amazonaws.com/media.yabla.com/chinese_static/audio/alicia/fen2.mp3,downloaded,18180,200
fen,3,fen,fen3.mp3,https://s3.amazonaws.com/media.yabla.com/chinese_static/audio/alicia/fen3.mp3,downloaded,21941,200
fen,4,fen,fen4.mp3,https://s3.amazonaws.com/media.yabla.com/chinese_static/audio/alicia/fen4.mp3,downloaded,15045,200
feng,1,feng,feng1.mp3,https://s3.amazonaws.com/media.yabla.com/chinese_static/audio/alicia/feng1.mp3,downloaded,20479,200
feng,2,feng,feng2.mp3,https://s3.amazonaws.com/media.yabla.com/chinese_static/audio/alicia/feng2.mp3,downloaded,21314,200
feng,3,feng,feng3.mp3,https://s3.amazonaws.com/media.yabla.com/chinese_static/audio/alicia/feng3.mp3,downloaded,24240,200
feng,4,feng,feng4.mp3,https://s3.amazonaws.com/media.yabla.com/chinese_static/audio/alicia/feng4.mp3,downloaded,20897,200
fo,1,fo,fo1.mp3,https://s3.amazonaws.com/media.yabla.com/chinese_static/audio/alicia/fo1.mp3,downloaded,22568,200
fo,2,fo,fo2.mp3,https://s3.amazonaws.com/media.yabla.com/chinese_static/audio/alicia/fo2.mp3,downloaded,14418,200
fo,3,fo,fo3.mp3,https://s3.amazonaws.com/media.yabla.com/chinese_static/audio/alicia/fo3.mp3,downloaded,21315,200
fo,4,fo,fo4.mp3,https://s3.amazonaws.com/media.yabla.com/chinese_static/audio/alicia/fo4.mp3,downloaded,21315,200
fou,1,fou,fou1.mp3,https://s3.amazonaws.com/media.yabla.com/chinese_static/audio/alicia/fou1.mp3,downloaded,25076,200
fou,2,fou,fou2.mp3,https://s3.amazonaws.com/media.yabla.com/chinese_static/audio/alicia/fou2.mp3,downloaded,20061,200
fou,3,fou,fou3.mp3,https://s3.amazonaws.com/media.yabla.com/chinese_static/audio/alicia/fou3.mp3,downloaded,25076,200
fou,4,fou,fou4.mp3,https://s3.amazonaws.com/media.yabla.com/chinese_static/audio/alicia/fou4.mp3,downloaded,22568,200
fu,1,fu,fu1.mp3,https://s3.amazonaws.com/media.yabla.com/chinese_static/audio/alicia/fu1.mp3,downloaded,21941,200
fu,2,fu,fu2.mp3,https://s3.amazonaws.com/media.yabla.com/chinese_static/audio/alicia/fu2.mp3,downloaded,19434,200
fu,3,fu,fu3.mp3,https://s3.amazonaws.com/media.yabla.com/chinese_static/audio/alicia/fu3.mp3,downloaded,23195,200
fu,4,fu,fu4.mp3,https://s3.amazonaws.com/media.yabla.com/chinese_static/audio/alicia/fu4.mp3,downloaded,17553,200
ga,1,ga,ga1.mp3,https://s3.amazonaws.com/media.yabla.com/chinese_static/audio/alicia/ga1.mp3,downloaded,16926,200
ga,2,ga,ga2.mp3,https://s3.amazonaws.com/media.yabla.com/chinese_static/audio/alicia/ga2.mp3,downloaded,11910,200
ga,3,ga,ga3.mp3,https://s3.amazonaws.com/media.yabla.com/chinese_static/audio/alicia/ga3.mp3,downloaded,19434,200
ga,4,ga,ga4.mp3,https://s3.amazonaws.com/media.yabla.com/chinese_static/audio/alicia/ga4.mp3,downloaded,11910,200
gai,1,gai,gai1.mp3,https://s3.amazonaws.com/media.yabla.com/chinese_static/audio/alicia/gai1.mp3,downloaded,16926,200
gai,2,gai,gai2.mp3,https://s3.amazonaws.com/media.yabla.com/chinese_static/audio/alicia/gai2.mp3,downloaded,13164,200
gai,3,gai,gai3.mp3,https://s3.amazonaws.com/media.yabla.com/chinese_static/audio/alicia/gai3.mp3,downloaded,15672,200
gai,4,gai,gai4.mp3,https://s3.amazonaws.com/media.yabla.com/chinese_static/audio/alicia/gai4.mp3,downloaded,11910,200
gan,1,gan,gan1.mp3,https://s3.amazonaws.com/media.yabla.com/chinese_static/audio/alicia/gan1.mp3,downloaded,20479,200
gan,2,gan,gan2.mp3,https://s3.amazonaws.com/media.yabla.com/chinese_static/audio/alicia/gan2.mp3,downloaded,17135,200
gan,3,gan,gan3.mp3,https://s3.amazonaws.com/media.yabla.com/chinese_static/audio/alicia/gan3.mp3,downloaded,18389,200
gan,4,gan,gan4.mp3,https://s3.amazonaws.com/media.yabla.com/chinese_static/audio/alicia/gan4.mp3,downloaded,14209,200
gang,1,gang,gang1.mp3,https://s3.amazonaws.com/media.yabla.com/chinese_static/audio/alicia/gang1.mp3,downloaded,25076,200
gang,2,gang,gang2.mp3,https://s3.amazonaws.com/media.yabla.com/chinese_static/audio/alicia/gang2.mp3,downloaded,18180,200
gang,3,gang,gang3.mp3,https://s3.amazonaws.com/media.yabla.com/chinese_static/audio/alicia/gang3.mp3,downloaded,22568,200
gang,4,gang,gang4.mp3,https://s3.amazonaws.com/media.yabla.com/chinese_static/audio/alicia/gang4.mp3,downloaded,16926,200
gao,1,gao,gao1.mp3,https://s3.amazonaws.com/media.yabla.com/chinese_static/audio/alicia/gao1.mp3,downloaded,19434,200
gao,2,gao,gao2.mp3,https://s3.amazonaws.com/media.yabla.com/chinese_static/audio/alicia/gao2.mp3,downloaded,13791,200
gao,3,gao,gao3.mp3,https://s3.amazonaws.com/media.yabla.com/chinese_static/audio/alicia/gao3.mp3,downloaded,19434,200
gao,4,gao,gao4.mp3,https://s3.amazonaws.com/media.yabla.com/chinese_static/audio/alicia/gao4.mp3,downloaded,14418,200
ge,1,ge,ge1.mp3,https://s3.amazonaws.com/media.yabla.com/chinese_static/audio/alicia/ge1.mp3,downloaded,20688,200
ge,2,ge,ge2.mp3,https://s3.amazonaws.com/media.yabla.com/chinese_static/audio/alicia/ge2.mp3,downloaded,14418,200
ge,3,ge,ge3.mp3,https://s3.amazonaws.com/media.yabla.com/chinese_static/audio/alicia/ge3.mp3,downloaded,21315,200
ge,4,ge,ge4.mp3,https://s3.amazonaws.com/media.yabla.com/chinese_static/audio/alicia/ge4.mp3,downloaded,13164,200
gei,1,gei,gei1.mp3,https://s3.amazonaws.com/media.yabla.com/chinese_static/audio/alicia/gei1.mp3,downloaded,21315,200
gei,2,gei,gei2.mp3,https://s3.amazonaws.com/media.yabla.com/chinese_static/audio/alicia/gei2.mp3,downloaded,13791,200
gei,3,gei,gei3.mp3,https://s3.amazonaws.com/media.yabla.com/chinese_static/audio/alicia/gei3.mp3,downloaded,23195,200
gei,4,gei,gei4.mp3,https://s3.amazonaws.com/media.yabla.com/chinese_static/audio/alicia/gei4.mp3,downloaded,15672,200
gen,1,gen,gen1.mp3,https://s3.amazonaws.com/media.yabla.com/chinese_static/audio/alicia/gen1.mp3,downloaded,18807,200
gen,2,gen,gen2.mp3,https://s3.amazonaws.com/media.yabla.com/chinese_static/audio/alicia/gen2.mp3,downloaded,14418,200
gen,3,gen,gen3.mp3,https://s3.amazonaws.com/media.yabla.com/chinese_static/audio/alicia/gen3.mp3,downloaded,18807,200
gen,4,gen,gen4.mp3,https://s3.amazonaws.com/media.yabla.com/chinese_static/audio/alicia/gen4.mp3,downloaded,11910,200
geng,1,geng,geng1.mp3,https://s3.amazonaws.com/media.yabla.com/chinese_static/audio/alicia/geng1.mp3,downloaded,23822,200
geng,2,geng,geng2.mp3,https://s3.amazonaws.com/media.yabla.com/chinese_static/audio/alicia/geng2.mp3,downloaded,22150,200
geng,3,geng,geng3.mp3,https://s3.amazonaws.com/media.yabla.com/chinese_static/audio/alicia/geng3.mp3,downloaded,23404,200
geng,4,geng,geng4.mp3,https://s3.amazonaws.com/media.yabla.com/chinese_static/audio/alicia/geng4.mp3,downloaded,21314,200
gong,1,gong,gong1.mp3,https://s3.amazonaws.com/media.yabla.com/chinese_static/audio/alicia/gong1.mp3,downloaded,23822,200
gong,2,gong,gong2.mp3,https://s3.amazonaws.com/media.yabla.com/chinese_static/audio/alicia/gong2.mp3,downloaded,15045,200
gong,3,gong,gong3.mp3,https://s3.amazonaws.com/media.yabla.com/chinese_static/audio/alicia/gong3.mp3,downloaded,21941,200
gong,4,gong,gong4.mp3,https://s3.amazonaws.com/media.yabla.com/chinese_static/audio/alicia/gong4.mp3,downloaded,16299,200
gou,1,gou,gou1.mp3,https://s3.amazonaws.com/media.yabla.com/chinese_static/audio/alicia/gou1.mp3,downloaded,22568,200
gou,2,gou,gou2.mp3,https://s3.amazonaws.com/media.yabla.com/chinese_static/audio/alicia/gou2.mp3,downloaded,14418,200
gou,3,gou,gou3.mp3,https://s3.amazonaws.com/media.yabla.com/chinese_static/audio/alicia/gou3.mp3,downloaded,20061,200
gou,4,gou,gou4.mp3,https://s3.amazonaws.com/media.yabla.com/chinese_static/audio/alicia/gou4.mp3,downloaded,16299,200
gu,1,gu,gu1.mp3,https://s3.amazonaws.com/media.yabla.com/chinese_static/audio/alicia/gu1.mp3,downloaded,21941,200
gu,2,gu,gu2.mp3,https://s3.amazonaws.com/media.yabla.com/chinese_static/audio/alicia/gu2.mp3,downloaded,15045,200
gu,3,gu,gu3.mp3,https://s3.amazonaws.com/media.yabla.com/chinese_static/audio/alicia/gu3.mp3,downloaded,20061,200
gu,4,gu,gu4.mp3,https://s3.amazonaws.com/media.yabla.com/chinese_static/audio/alicia/gu4.mp3,downloaded,16299,200
gua,1,gua,gua1.mp3,https://s3.amazonaws.com/media.yabla.com/chinese_static/audio/alicia/gua1.mp3,downloaded,24449,200
gua,2,gua,gua2.mp3,https://s3.amazonaws.com/media.yabla.com/chinese_static/audio/alicia/gua2.mp3,downloaded,17553,200
gua,3,gua,gua3.mp3,https://s3.amazonaws.com/media.yabla.com/chinese_static/audio/alicia/gua3.mp3,downloaded,22568,200
gua,4,gua,gua4.mp3,https://s3.amazonaws.com/media.yabla.com/chinese_static/audio/alicia/gua4.mp3,downloaded,15672,200
guai,1,guai,guai1.mp3,https://s3.amazonaws.com/media.yabla.com/chinese_static/audio/alicia/guai1.mp3,downloaded,20061,200
guai,2,guai,guai2.mp3,https://s3.amazonaws.com/media.yabla.com/chinese_static/audio/alicia/guai2.mp3,downloaded,15045,200
guai,3,guai,guai3.mp3,https://s3.amazonaws.com/media.yabla.com/chinese_static/audio/alicia/guai3.mp3,downloaded,21941,200
guai,4,guai,guai4.mp3,https://s3.amazonaws.com/media.yabla.com/chinese_static/audio/alicia/guai4.mp3,downloaded,16299,200
guan,1,guan,guan1.mp3,https://s3.amazonaws.com/media.yabla.com/chinese_static/audio/alicia/guan1.mp3,downloaded,23195,200
guan,2,guan,guan2.mp3,https://s3.amazonaws.com/media.yabla.com/chinese_static/audio/alicia/guan2.mp3,downloaded,16926,200
guan,3,guan,guan3.mp3,https://s3.amazonaws.com/media.yabla.com/chinese_static/audio/alicia/guan3.mp3,downloaded,23195,200
guan,4,guan,guan4.mp3,https://s3.amazonaws.com/media.yabla.com/chinese_static/audio/alicia/guan4.mp3,downloaded,16299,200
guang,1,guang,guang1.mp3,https://s3.amazonaws.com/media.yabla.com/chinese_static/audio/alicia/guang1.mp3,downloaded,23195,200
guang,2,guang,guang2.mp3,https://s3.amazonaws.com/media.yabla.com/chinese_static/audio/alicia/guang2.mp3,downloaded,16926,200
guang,3,guang,guang3.mp3,https://s3.amazonaws.com/media.yabla.com/chinese_static/audio/alicia/guang3.mp3,downloaded,21941,200
guang,4,guang,guang4.mp3,https://s3.amazonaws.com/media.yabla.com/chinese_static/audio/alicia/guang4.mp3,downloaded,16926,200
gui,1,gui,gui1.mp3,https://s3.amazonaws.com/media.yabla.com/chinese_static/audio/alicia/gui1.mp3,downloaded,21315,200
gui,2,gui,gui2.mp3,https://s3.amazonaws.com/media.yabla.com/chinese_static/audio/alicia/gui2.mp3,downloaded,16926,200
gui,3,gui,gui3.mp3,https://s3.amazonaws.com/media.yabla.com/chinese_static/audio/alicia/gui3.mp3,downloaded,23195,200
gui,4,gui,gui4.mp3,https://s3.amazonaws.com/media.yabla.com/chinese_static/audio/alicia/gui4.mp3,downloaded,15045,200
gun,1,gun,gun1.mp3,https://s3.amazonaws.com/media.yabla.com/chinese_static/audio/alicia/gun1.mp3,downloaded,20688,200
gun,2,gun,gun2.mp3,https://s3.amazonaws.com/media.yabla.com/chinese_static/audio/alicia/gun2.mp3,downloaded,14418,200
gun,3,gun,gun3.mp3,https://s3.amazonaws.com/media.yabla.com/chinese_static/audio/alicia/gun3.mp3,downloaded,19434,200
gun,4,gun,gun4.mp3,https://s3.amazonaws.com/media.yabla.com/chinese_static/audio/alicia/gun4.mp3,downloaded,16299,200
guo,1,guo,guo1.mp3,https://s3.amazonaws.com/media.yabla.com/chinese_static/audio/alicia/guo1.mp3,downloaded,22568,200
guo,2,guo,guo2.mp3,https://s3.amazonaws.com/media.yabla.com/chinese_static/audio/alicia/guo2.mp3,downloaded,17553,200
guo,3,guo,guo3.mp3,https://s3.amazonaws.com/media.yabla.com/chinese_static/audio/alicia/guo3.mp3,downloaded,20061,200
guo,4,guo,guo4.mp3,https://s3.amazonaws.com/media.yabla.com/chinese_static/audio/alicia/guo4.mp3,downloaded,16299,200
ha,1,ha,ha1.mp3,https://s3.amazonaws.com/media.yabla.com/chinese_static/audio/alicia/ha1.mp3,downloaded,19434,200
ha,2,ha,ha2.mp3,https://s3.amazonaws.com/media.yabla.com/chinese_static/audio/alicia/ha2.mp3,downloaded,13791,200
ha,3,ha,ha3.mp3,https://s3.amazonaws.com/media.yabla.com/chinese_static/audio/alicia/ha3.mp3,downloaded,19434,200
ha,4,ha,ha4.mp3,https://s3.amazonaws.com/media.yabla.com/chinese_static/audio/alicia/ha4.mp3,downloaded,11284,200
hai,1,hai,hai1.mp3,https://s3.amazonaws.com/media.yabla.com/chinese_static/audio/alicia/hai1.mp3,downloaded,18180,200
hai,2,hai,hai2.mp3,https://s3.amazonaws.com/media.yabla.com/chinese_static/audio/alicia/hai2.mp3,downloaded,14418,200
hai,3,hai,hai3.mp3,https://s3.amazonaws.com/media.yabla.com/chinese_static/audio/alicia/hai3.mp3,downloaded,18180,200
hai,4,hai,hai4.mp3,https://s3.amazonaws.com/media.yabla.com/chinese_static/audio/alicia/hai4.mp3,downloaded,13164,200
han,1,han,han1.mp3,https://s3.amazonaws.com/media.yabla.com/chinese_static/audio/alicia/han1.mp3,downloaded,22568,200
han,2,han,han2.mp3,https://s3.amazonaws.com/media.yabla.com/chinese_static/audio/alicia/han2.mp3,downloaded,15045,200
han,3,han,han3.mp3,https://s3.amazonaws.com/media.yabla.com/chinese_static/audio/alicia/han3.mp3,downloaded,22568,200
han,4,han,han4.mp3,https://s3.amazonaws.com/media.yabla.com/chinese_static/audio/alicia/han4.mp3,downloaded,15045,200
hang,1,hang,hang1.mp3,https://s3.amazonaws.com/media.yabla.com/chinese_static/audio/alicia/hang1.mp3,downloaded,24449,200
hang,2,hang,hang2.mp3,https://s3.amazonaws.com/media.yabla.com/chinese_static/audio/alicia/hang2.mp3,downloaded,16299,200
hang,3,hang,hang3.mp3,https://s3.amazonaws.com/media.yabla.com/chinese_static/audio/alicia/hang3.mp3,downloaded,24449,200
hang,4,hang,hang4.mp3,https://s3.amazonaws.com/media.yabla.com/chinese_static/audio/alicia/hang4.mp3,downloaded,15672,200
hao,1,hao,hao1.mp3,https://s3.amazonaws.com/media.yabla.com/chinese_static/audio/alicia/hao1.mp3,downloaded,20061,200
hao,2,hao,hao2.mp3,https://s3.amazonaws.com/media.yabla.com/chinese_static/audio/alicia/hao2.mp3,downloaded,18807,200
hao,3,hao,hao3.mp3,https://s3.amazonaws.com/media.yabla.com/chinese_static/audio/alicia/hao3.mp3,downloaded,22568,200
hao,4,hao,hao4.mp3,https://s3.amazonaws.com/media.yabla.com/chinese_static/audio/alicia/hao4.mp3,downloaded,16299,200
he,1,he,he1.mp3,https://s3.amazonaws.com/media.yabla.com/chinese_static/audio/alicia/he1.mp3,downloaded,20688,200
he,2,he,he2.mp3,https://s3.amazonaws.com/media.yabla.com/chinese_static/audio/alicia/he2.mp3,downloaded,12537,200
he,3,he,he3.mp3,https://s3.amazonaws.com/media.yabla.com/chinese_static/audio/alicia/he3.mp3,downloaded,21315,200
he,4,he,he4.mp3,https://s3.amazonaws.com/media.yabla.com/chinese_static/audio/alicia/he4.mp3,downloaded,16299,200
hei,1,hei,hei1.mp3,https://s3.amazonaws.com/media.yabla.com/chinese_static/audio/alicia/hei1.mp3,downloaded,21941,200
hei,2,hei,hei2.mp3,https://s3.amazonaws.com/media.yabla.com/chinese_static/audio/alicia/hei2.mp3,downloaded,17553,200
hei,3,hei,hei3.mp3,https://s3.amazonaws.com/media.yabla.com/chinese_static/audio/alicia/hei3.mp3,downloaded,21315,200
hei,4,hei,hei4.mp3,https://s3.amazonaws.com/media.yabla.com/chinese_static/audio/alicia/hei4.mp3,downloaded,17553,200
hen,1,hen,hen1.mp3,https://s3.amazonaws.com/media.yabla.com/chinese_static/audio/alicia/hen1.mp3,downloaded,21315,200
hen,2,hen,hen2.mp3,https://s3.amazonaws.com/media.yabla.com/chinese_static/audio/alicia/hen2.mp3,downloaded,15045,200
hen,3,hen,hen3.mp3,https://s3.amazonaws.com/media.yabla.com/chinese_static/audio/alicia/hen3.mp3,downloaded,20061,200
hen,4,hen,hen4.mp3,https://s3.amazonaws.com/media.yabla.com/chinese_static/audio/alicia/hen4.mp3,downloaded,15672,200
heng,1,heng,heng1.mp3,https://s3.amazonaws.com/media.yabla.com/chinese_static/audio/alicia/heng1.mp3,downloaded,21732,200
heng,2,heng,heng2.mp3,https://s3.amazonaws.com/media.yabla.com/chinese_static/audio/alicia/heng2.mp3,downloaded,18807,200
heng,3,heng,heng3.mp3,https://s3.amazonaws.com/media.yabla.com/chinese_static/audio/alicia/heng3.mp3,downloaded,24658,200
heng,4,heng,heng4.mp3,https://s3.amazonaws.com/media.yabla.com/chinese_static/audio/alicia/heng4.mp3,downloaded,20061,200
hong,1,hong,hong1.mp3,https://s3.amazonaws.com/media.yabla.com/chinese_static/audio/alicia/hong1.mp3,downloaded,22568,200
hong,2,hong,hong2.mp3,https://s3.amazonaws.com/media.yabla.com/chinese_static/audio/alicia/hong2.mp3,downloaded,13791,200
hong,3,hong,hong3.mp3,https://s3.amazonaws.com/media.yabla.com/chinese_static/audio/alicia/hong3.mp3,downloaded,21941,200
hong,4,hong,hong4.mp3,https://s3.amazonaws.com/media.yabla.com/chinese_static/audio/alicia/hong4.mp3,downloaded,14418,200
hou,1,hou,hou1.mp3,https://s3.amazonaws.com/media.yabla.com/chinese_static/audio/alicia/hou1.mp3,downloaded,25703,200
hou,2,hou,hou2.mp3,https://s3.amazonaws.com/media.yabla.com/chinese_static/audio/alicia/hou2.mp3,downloaded,16299,200
hou,3,hou,hou3.mp3,https://s3.amazonaws.com/media.yabla.com/chinese_static/audio/alicia/hou3.mp3,downloaded,23195,200
hou,4,hou,hou4.mp3,https://s3.amazonaws.com/media.yabla.com/chinese_static/audio/alicia/hou4.mp3,downloaded,16926,200
hu,1,hu,hu1.mp3,https://s3.amazonaws.com/media.yabla.com/chinese_static/audio/alicia/hu1.mp3,downloaded,23195,200
hu,2,hu,hu2.mp3,https://s3.amazonaws.com/media.yabla.com/chinese_static/audio/alicia/hu2.mp3,downloaded,16926,200
hu,3,hu,hu3.mp3,https://s3.amazonaws.com/media.yabla.com/chinese_static/audio/alicia/hu3.mp3,downloaded,25703,200
hu,4,hu,hu4.mp3,https://s3.amazonaws.com/media.yabla.com/chinese_static/audio/alicia/hu4.mp3,downloaded,17553,200
hua,1,hua,hua1.mp3,https://s3.amazonaws.com/media.yabla.com/chinese_static/audio/alicia/hua1.mp3,downloaded,25703,200
hua,2,hua,hua2.mp3,https://s3.amazonaws.com/media.yabla.com/chinese_static/audio/alicia/hua2.mp3,downloaded,16299,200
hua,3,hua,hua3.mp3,https://s3.amazonaws.com/media.yabla.com/chinese_static/audio/alicia/hua3.mp3,downloaded,21315,200
hua,4,hua,hua4.mp3,https://s3.amazonaws.com/media.yabla.com/chinese_static/audio/alicia/hua4.mp3,downloaded,16299,200
huai,1,huai,huai1.mp3,https://s3.amazonaws.com/media.yabla.com/chinese_static/audio/alicia/huai1.mp3,downloaded,22568,200
huai,2,huai,huai2.mp3,https://s3.amazonaws.com/media.yabla.com/chinese_static/audio/alicia/huai2.mp3,downloaded,16299,200
huai,3,huai,huai3.mp3,https://s3.amazonaws.com/media.yabla.com/chinese_static/audio/alicia/huai3.mp3,downloaded,22568,200
huai,4,huai,huai4.mp3,https://s3.amazonaws.com/media.yabla.com/chinese_static/audio/alicia/huai4.mp3,downloaded,17553,200
huan,1,huan,huan1.mp3,https://s3.amazonaws.com/media.yabla.com/chinese_static/audio/alicia/huan1.mp3,downloaded,25076,200
huan,2,huan,huan2.mp3,https://s3.amazonaws.com/media.yabla.com/chinese_static/audio/alicia/huan2.mp3,downloaded,15672,200
huan,3,huan,huan3.mp3,https://s3.amazonaws.com/media.yabla.com/chinese_static/audio/alicia/huan3.mp3,downloaded,20061,200
huan,4,huan,huan4.mp3,https://s3.amazonaws.com/media.yabla.com/chinese_static/audio/alicia/huan4.mp3,downloaded,17553,200
huang,1,huang,huang1.mp3,https://s3.amazonaws.com/media.yabla.com/chinese_static/audio/alicia/huang1.mp3,downloaded,22568,200
huang,2,huang,huang2.mp3,https://s3.amazonaws.com/media.yabla.com/chinese_static/audio/alicia/huang2.mp3,downloaded,16926,200
huang,3,huang,huang3.mp3,https://s3.amazonaws.com/media.yabla.com/chinese_static/audio/alicia/huang3.mp3,downloaded,23195,200
huang,4,huang,huang4.mp3,https://s3.amazonaws.com/media.yabla.com/chinese_static/audio/alicia/huang4.mp3,downloaded,15672,200
hui,1,hui,hui1.mp3,https://s3.amazonaws.com/media.yabla.com/chinese_static/audio/alicia/hui1.mp3,downloaded,23195,200
hui,2,hui,hui2.mp3,https://s3.amazonaws.com/media.yabla.com/chinese_static/audio/alicia/hui2.mp3,downloaded,17553,200
hui,3,hui,hui3.mp3,https://s3.amazonaws.com/media.yabla.com/chinese_static/audio/alicia/hui3.mp3,downloaded,21941,200
hui,4,hui,hui4.mp3,https://s3.amazonaws.com/media.yabla.com/chinese_static/audio/alicia/hui4.mp3,downloaded,15045,200
hun,1,hun,hun1.mp3,https://s3.amazonaws.com/media.yabla.com/chinese_static/audio/alicia/hun1.mp3,downloaded,21941,200
hun,2,hun,hun2.mp3,https://s3.amazonaws.com/media.yabla.com/chinese_static/audio/alicia/hun2.mp3,downloaded,17553,200
hun,3,hun,hun3.mp3,https://s3.amazonaws.com/media.yabla.com/chinese_static/audio/alicia/hun3.mp3,downloaded,20061,200
hun,4,hun,hun4.mp3,https://s3.amazonaws.com/media.yabla.com/chinese_static/audio/alicia/hun4.mp3,downloaded,16299,200
huo,1,huo,huo1.mp3,https://s3.amazonaws.com/media.yabla.com/chinese_static/audio/alicia/huo1.mp3,downloaded,24449,200
huo,2,huo,huo2.mp3,https://s3.amazonaws.com/media.yabla.com/chinese_static/audio/alicia/huo2.mp3,downloaded,18807,200
huo,3,huo,huo3.mp3,https://s3.amazonaws.com/media.yabla.com/chinese_static/audio/alicia/huo3.mp3,downloaded,21315,200
huo,4,huo,huo4.mp3,https://s3.amazonaws.com/media.yabla.com/chinese_static/audio/alicia/huo4.mp3,downloaded,13791,200
ji,1,ji,ji1.mp3,https://s3.amazonaws.com/media.yabla.com/chinese_static/audio/alicia/ji1.mp3,downloaded,20061,200
ji,2,ji,ji2.mp3,https://s3.amazonaws.com/media.yabla.com/chinese_static/audio/alicia/ji2.mp3,downloaded,12537,200
ji,3,ji,ji3.mp3,https://s3.amazonaws.com/media.yabla.com/chinese_static/audio/alicia/ji3.mp3,downloaded,20688,200
ji,4,ji,ji4.mp3,https://s3.amazonaws.com/media.yabla.com/chinese_static/audio/alicia/ji4.mp3,downloaded,13791,200
jia,1,jia,jia1.mp3,https://s3.amazonaws.com/media.yabla.com/chinese_static/audio/alicia/jia1.mp3,downloaded,21941,200
jia,2,jia,jia2.mp3,https://s3.amazonaws.com/media.yabla.com/chinese_static/audio/alicia/jia2.mp3,downloaded,13791,200
jia,3,jia,jia3.mp3,https://s3.amazonaws.com/media.yabla.com/chinese_static/audio/alicia/jia3.mp3,downloaded,20688,200
jia,4,jia,jia4.mp3,https://s3.amazonaws.com/media.yabla.com/chinese_static/audio/alicia/jia4.mp3,downloaded,15045,200
jian,1,jian,jian1.mp3,https://s3.amazonaws.com/media.yabla.com/chinese_static/audio/alicia/jian1.mp3,downloaded,20688,200
jian,2,jian,jian2.mp3,https://s3.amazonaws.com/media.yabla.com/chinese_static/audio/alicia/jian2.mp3,downloaded,14418,200
jian,3,jian,jian3.mp3,https://s3.amazonaws.com/media.yabla.com/chinese_static/audio/alicia/jian3.mp3,downloaded,17553,200
jian,4,jian,jian4.mp3,https://s3.amazonaws.com/media.yabla.com/chinese_static/audio/alicia/jian4.mp3,downloaded,12537,200
jiang,1,jiang,jiang1.mp3,https://s3.amazonaws.com/media.yabla.com/chinese_static/audio/alicia/jiang1.mp3,downloaded,22568,200
jiang,2,jiang,jiang2.mp3,https://s3.amazonaws.com/media.yabla.com/chinese_static/audio/alicia/jiang2.mp3,downloaded,15045,200
jiang,3,jiang,jiang3.mp3,https://s3.amazonaws.com/media.yabla.com/chinese_static/audio/alicia/jiang3.mp3,downloaded,20688,200
jiang,4,jiang,jiang4.mp3,https://s3.amazonaws.com/media.yabla.com/chinese_static/audio/alicia/jiang4.mp3,downloaded,12537,200
jiao,1,jiao,jiao1.mp3,https://s3.amazonaws.com/media.yabla.com/chinese_static/audio/alicia/jiao1.mp3,downloaded,25076,200
jiao,2,jiao,jiao2.mp3,https://s3.amazonaws.com/media.yabla.com/chinese_static/audio/alicia/jiao2.mp3,downloaded,18180,200
jiao,3,jiao,jiao3.mp3,https://s3.amazonaws.com/media.yabla.com/chinese_static/audio/alicia/jiao3.mp3,downloaded,23822,200
jiao,4,jiao,jiao4.mp3,https://s3.amazonaws.com/media.yabla.com/chinese_static/audio/alicia/jiao4.mp3,downloaded,16926,200
jie,1,jie,jie1.mp3,https://s3.amazonaws.com/media.yabla.com/chinese_static/audio/alicia/jie1.mp3,downloaded,20688,200
jie,2,jie,jie2.mp3,https://s3.amazonaws.com/media.yabla.com/chinese_static/audio/alicia/jie2.mp3,downloaded,13791,200
jie,3,jie,jie3.mp3,https://s3.amazonaws.com/media.yabla.com/chinese_static/audio/alicia/jie3.mp3,downloaded,21941,200
jie,4,jie,jie4.mp3,https://s3.amazonaws.com/media.yabla.com/chinese_static/audio/alicia/jie4.mp3,downloaded,15045,200
jin,1,jin,jin1.mp3,https://s3.amazonaws.com/media.yabla.com/chinese_static/audio/alicia/jin1.mp3,downloaded,18180,200
jin,2,jin,jin2.mp3,https://s3.amazonaws.com/media.yabla.com/chinese_static/audio/alicia/jin2.mp3,downloaded,15045,200
jin,3,jin,jin3.mp3,https://s3.amazonaws.com/media.yabla.com/chinese_static/audio/alicia/jin3.mp3,downloaded,16926,200
jin,4,jin,jin4.mp3,https://s3.amazonaws.com/media.yabla.com/chinese_static/audio/alicia/jin4.mp3,downloaded,11284,200
jing,1,jing,jing1.mp3,https://s3.amazonaws.com/media.yabla.com/chinese_static/audio/alicia/jing1.mp3,downloaded,22465,200
jing,2,jing,jing2.mp3,https://s3.amazonaws.com/media.yabla.com/chinese_static/audio/alicia/jing2.mp3,downloaded,11154,200
jing,3,jing,jing3.mp3,https://s3.amazonaws.com/media.yabla.com/chinese_static/audio/alicia/jing3.mp3,downloaded,23301,200
jing,4,jing,jing4.mp3,https://s3.amazonaws.com/media.yabla.com/chinese_static/audio/alicia/jing4.mp3,downloaded,11781,200
jiong,1,jiong,jiong1.mp3,https://s3.amazonaws.com/media.yabla.com/chinese_static/audio/alicia/jiong1.mp3,downloaded,23822,200
jiong,2,jiong,jiong2.mp3,https://s3.amazonaws.com/media.yabla.com/chinese_static/audio/alicia/jiong2.mp3,downloaded,18180,200
jiong,3,jiong,jiong3.mp3,https://s3.amazonaws.com/media.yabla.com/chinese_static/audio/alicia/jiong3.mp3,downloaded,21315,200
jiong,4,jiong,jiong4.mp3,https://s3.amazonaws.com/media.yabla.com/chinese_static/audio/alicia/jiong4.mp3,downloaded,14418,200
jiu,1,jiu,jiu1.mp3,https://s3.amazonaws.com/media.yabla.com/chinese_static/audio/alicia/jiu1.mp3,downloaded,20688,200
jiu,2,jiu,jiu2.mp3,https://s3.amazonaws.com/media.yabla.com/chinese_static/audio/alicia/jiu2.mp3,downloaded,13791,200
jiu,3,jiu,jiu3.mp3,https://s3.amazonaws.com/media.yabla.com/chinese_static/audio/alicia/jiu3.mp3,downloaded,18807,200
jiu,4,jiu,jiu4.mp3,https://s3.amazonaws.com/media.yabla.com/chinese_static/audio/alicia/jiu4.mp3,downloaded,15045,200
ju,1,ju,ju1.mp3,https://s3.amazonaws.com/media.yabla.com/chinese_static/audio/alicia/ju1.mp3,downloaded,19434,200
ju,2,ju,ju2.mp3,https://s3.amazonaws.com/media.yabla.com/chinese_static/audio/alicia/ju2.mp3,downloaded,13791,200
ju,3,ju,ju3.mp3,https://s3.amazonaws.com/media.yabla.com/chinese_static/audio/alicia/ju3.mp3,downloaded,19434,200
ju,4,ju,ju4.mp3,https://s3.amazonaws.com/media.yabla.com/chinese_static/audio/alicia/ju4.mp3,downloaded,14418,200
juan,1,juan,juan1.mp3,https://s3.amazonaws.com/media.yabla.com/chinese_static/audio/alicia/juan1.mp3,downloaded,18180,200
juan,2,juan,juan2.mp3,https://s3.amazonaws.com/media.yabla.com/chinese_static/audio/alicia/juan2.mp3,downloaded,13791,200
juan,3,juan,juan3.mp3,https://s3.amazonaws.com/media.yabla.com/chinese_static/audio/alicia/juan3.mp3,downloaded,18180,200
juan,4,juan,juan4.mp3,https://s3.amazonaws.com/media.yabla.com/chinese_static/audio/alicia/juan4.mp3,downloaded,12537,200
jue,1,jue,jue1.mp3,https://s3.amazonaws.com/media.yabla.com/chinese_static/audio/alicia/jue1.mp3,downloaded,18807,200
jue,2,jue,jue2.mp3,https://s3.amazonaws.com/media.yabla.com/chinese_static/audio/alicia/jue2.mp3,downloaded,13791,200
jue,3,jue,jue3.mp3,https://s3.amazonaws.com/media.yabla.com/chinese_static/audio/alicia/jue3.mp3,downloaded,20688,200
jue,4,jue,jue4.mp3,https://s3.amazonaws.com/media.yabla.com/chinese_static/audio/alicia/jue4.mp3,downloaded,15672,200
jun,1,jun,jun1.mp3,https://s3.amazonaws.com/media.yabla.com/chinese_static/audio/alicia/jun1.mp3,downloaded,18807,200
jun,2,jun,jun2.mp3,https://s3.amazonaws.com/media.yabla.com/chinese_static/audio/alicia/jun2.mp3,downloaded,13791,200
jun,3,jun,jun3.mp3,https://s3.amazonaws.com/media.yabla.com/chinese_static/audio/alicia/jun3.mp3,downloaded,20061,200
jun,4,jun,jun4.mp3,https://s3.amazonaws.com/media.yabla.com/chinese_static/audio/alicia/jun4.mp3,downloaded,11910,200
ka,1,ka,ka1.mp3,https://s3.amazonaws.com/media.yabla.com/chinese_static/audio/alicia/ka1.mp3,downloaded,16926,200
ka,2,ka,ka2.mp3,https://s3.amazonaws.com/media.yabla.com/chinese_static/audio/alicia/ka2.mp3,downloaded,12537,200
ka,3,ka,ka3.mp3,https://s3.amazonaws.com/media.yabla.com/chinese_static/audio/alicia/ka3.mp3,downloaded,20688,200
ka,4,ka,ka4.mp3,https://s3.amazonaws.com/media.yabla.com/chinese_static/audio/alicia/ka4.mp3,downloaded,10657,200
kai,1,kai,kai1.mp3,https://s3.amazonaws.com/media.yabla.com/chinese_static/audio/alicia/kai1.mp3,downloaded,18180,200
kai,2,kai,kai2.mp3,https://s3.amazonaws.com/media.yabla.com/chinese_static/audio/alicia/kai2.mp3,downloaded,13164,200
kai,3,kai,kai3.mp3,https://s3.amazonaws.com/media.yabla.com/chinese_static/audio/alicia/kai3.mp3,downloaded,17553,200
kai,4,kai,kai4.mp3,https://s3.amazonaws.com/media.yabla.com/chinese_static/audio/alicia/kai4.mp3,downloaded,11284,200
kan,1,kan,kan1.mp3,https://s3.amazonaws.com/media.yabla.com/chinese_static/audio/alicia/kan1.mp3,downloaded,22568,200
kan,2,kan,kan2.mp3,https://s3.amazonaws.com/media.yabla.com/chinese_static/audio/alicia/kan2.mp3,downloaded,15045,200
kan,3,kan,kan3.mp3,https://s3.amazonaws.com/media.yabla.com/chinese_static/audio/alicia/kan3.mp3,downloaded,20061,200
kan,4,kan,kan4.mp3,https://s3.amazonaws.com/media.yabla.com/chinese_static/audio/alicia/kan4.mp3,downloaded,16926,200
kang,1,kang,kang1.mp3,https://s3.amazonaws.com/media.yabla.com/chinese_static/audio/alicia/kang1.mp3,downloaded,23822,200
kang,2,kang,kang2.mp3,https://s3.amazonaws.com/media.yabla.com/chinese_static/audio/alicia/kang2.mp3,downloaded,15672,200
kang,3,kang,kang3.mp3,https://s3.amazonaws.com/media.yabla.com/chinese_static/audio/alicia/kang3.mp3,downloaded,21941,200
kang,4,kang,kang4.mp3,https://s3.amazonaws.com/media.yabla.com/chinese_static/audio/alicia/kang4.mp3,downloaded,13164,200
kao,1,kao,kao1.mp3,https://s3.amazonaws.com/media.yabla.com/chinese_static/audio/alicia/kao1.mp3,downloaded,20688,200
kao,2,kao,kao2.mp3,https://s3.amazonaws.com/media.yabla.com/chinese_static/audio/alicia/kao2.mp3,downloaded,16926,200
kao,3,kao,kao3.mp3,https://s3.amazonaws.com/media.yabla.com/chinese_static/audio/alicia/kao3.mp3,downloaded,20688,200
kao,4,kao,kao4.mp3,https://s3.amazonaws.com/media.yabla.com/chinese_static/audio/alicia/kao4.mp3,downloaded,17553,200
ke,1,ke,ke1.mp3,https://s3.amazonaws.com/media.yabla.com/chinese_static/audio/alicia/ke1.mp3,downloaded,20688,200
ke,2,ke,ke2.mp3,https://s3.amazonaws.com/media.yabla.com/chinese_static/audio/alicia/ke2.mp3,downloaded,14418,200
ke,3,ke,ke3.mp3,https://s3.amazonaws.com/media.yabla.com/chinese_static/audio/alicia/ke3.mp3,downloaded,20688,200
ke,4,ke,ke4.mp3,https://s3.amazonaws.com/media.yabla.com/chinese_static/audio/alicia/ke4.mp3,downloaded,14418,200
kei,1,kei,kei1.mp3,https://s3.amazonaws.com/media.yabla.com/chinese_static/audio/alicia/kei1.mp3,downloaded,21941,200
kei,2,kei,kei2.mp3,https://s3.amazonaws.com/media.yabla.com/chinese_static/audio/alicia/kei2.mp3,downloaded,15672,200
kei,3,kei,kei3.mp3,https://s3.amazonaws.com/media.yabla.com/chinese_static/audio/alicia/kei3.mp3,downloaded,24449,200
kei,4,kei,kei4.mp3,https://s3.amazonaws.com/media.yabla.com/chinese_static/audio/alicia/kei4.mp3,downloaded,16299,200
ken,1,ken,ken1.mp3,https://s3.amazonaws.com/media.yabla.com/chinese_static/audio/alicia/ken1.mp3,downloaded,20061,200
ken,2,ken,ken2.mp3,https://s3.amazonaws.com/media.yabla.com/chinese_static/audio/alicia/ken2.mp3,downloaded,14418,200
ken,3,ken,ken3.mp3,https://s3.amazonaws.com/media.yabla.com/chinese_static/audio/alicia/ken3.mp3,downloaded,21315,200
ken,4,ken,ken4.mp3,https://s3.amazonaws.com/media.yabla.com/chinese_static/audio/alicia/ken4.mp3,downloaded,13164,200
keng,1,keng,keng1.mp3,https://s3.amazonaws.com/media.yabla.com/chinese_static/audio/alicia/keng1.mp3,downloaded,25076,200
keng,2,keng,keng2.mp3,https://s3.amazonaws.com/media.yabla.com/chinese_static/audio/alicia/keng2.mp3,downloaded,20897,200
keng,3,keng,keng3.mp3,https://s3.amazonaws.com/media.yabla.com/chinese_static/audio/alicia/keng3.mp3,downloaded,25494,200
keng,4,keng,keng4.mp3,https://s3.amazonaws.com/media.yabla.com/chinese_static/audio/alicia/keng4.mp3,downloaded,22568,200
kong,1,kong,kong1.mp3,https://s3.amazonaws.com/media.yabla.com/chinese_static/audio/alicia/kong1.mp3,downloaded,20688,200
kong,2,kong,kong2.mp3,https://s3.amazonaws.com/media.yabla.com/chinese_static/audio/alicia/kong2.mp3,downloaded,13791,200
kong,3,kong,kong3.mp3,https://s3.amazonaws.com/media.yabla.com/chinese_static/audio/alicia/kong3.mp3,downloaded,22568,200
kong,4,kong,kong4.mp3,https://s3.amazonaws.com/media.yabla.com/chinese_static/audio/alicia/kong4.mp3,downloaded,15672,200
kou,1,kou,kou1.mp3,https://s3.amazonaws.com/media.yabla.com/chinese_static/audio/alicia/kou1.mp3,downloaded,19434,200
kou,2,kou,kou2.mp3,https://s3.amazonaws.com/media.yabla.com/chinese_static/audio/alicia/kou2.mp3,downloaded,15672,200
kou,3,kou,kou3.mp3,https://s3.amazonaws.com/media.yabla.com/chinese_static/audio/alicia/kou3.mp3,downloaded,21941,200
kou,4,kou,kou4.mp3,https://s3.amazonaws.com/media.yabla.com/chinese_static/audio/alicia/kou4.mp3,downloaded,14418,200
ku,1,ku,ku1.mp3,https://s3.amazonaws.com/media.yabla.com/chinese_static/audio/alicia/ku1.mp3,downloaded,20688,200
ku,2,ku,ku2.mp3,https://s3.amazonaws.com/media.yabla.com/chinese_static/audio/alicia/ku2.mp3,downloaded,17553,200
ku,3,ku,ku3.mp3,https://s3.amazonaws.com/media.yabla.com/chinese_static/audio/alicia/ku3.mp3,downloaded,23822,200
ku,4,ku,ku4.mp3,https://s3.amazonaws.com/media.yabla.com/chinese_static/audio/alicia/ku4.mp3,downloaded,16926,200
kua,1,kua,kua1.mp3,https://s3.amazonaws.com/media.yabla.com/chinese_static/audio/alicia/kua1.mp3,downloaded,26957,200
kua,2,kua,kua2.mp3,https://s3.amazonaws.com/media.yabla.com/chinese_static/audio/alicia/kua2.mp3,downloaded,15045,200
kua,3,kua,kua3.mp3,https://s3.amazonaws.com/media.yabla.com/chinese_static/audio/alicia/kua3.mp3,downloaded,22568,200
kua,4,kua,kua4.mp3,https://s3.amazonaws.com/media.yabla.com/chinese_static/audio/alicia/kua4.mp3,downloaded,16926,200
kuai,1,kuai,kuai1.mp3,https://s3.amazonaws.com/media.yabla.com/chinese_static/audio/alicia/kuai1.mp3,downloaded,23195,200
kuai,2,kuai,kuai2.mp3,https://s3.amazonaws.com/media.yabla.com/chinese_static/audio/alicia/kuai2.mp3,downloaded,17553,200
kuai,3,kuai,kuai3.mp3,https://s3.amazonaws.com/media.yabla.com/chinese_static/audio/alicia/kuai3.mp3,downloaded,21941,200
kuai,4,kuai,kuai4.mp3,https://s3.amazonaws.com/media.yabla.com/chinese_static/audio/alicia/kuai4.mp3,downloaded,15672,200
kuan,1,kuan,kuan1.mp3,https://s3.amazonaws.com/media.yabla.com/chinese_static/audio/alicia/kuan1.mp3,downloaded,25703,200
kuan,2,kuan,kuan2.mp3,https://s3.amazonaws.com/media.yabla.com/chinese_static/audio/alicia/kuan2.mp3,downloaded,16926,200
kuan,3,kuan,kuan3.mp3,https://s3.amazonaws.com/media.yabla.com/chinese_static/audio/alicia/kuan3.mp3,downloaded,20061,200
kuan,4,kuan,kuan4.mp3,https://s3.amazonaws.com/media.yabla.com/chinese_static/audio/alicia/kuan4.mp3,downloaded,15672,200
kuang,1,kuang,kuang1.mp3,https://s3.amazonaws.com/media.yabla.com/chinese_static/audio/alicia/kuang1.mp3,downloaded,21941,200
kuang,2,kuang,kuang2.mp3,https://s3.amazonaws.com/media.yabla.com/chinese_static/audio/alicia/kuang2.mp3,downloaded,18807,200
kuang,3,kuang,kuang3.mp3,https://s3.amazonaws.com/media.yabla.com/chinese_static/audio/alicia/kuang3.mp3,downloaded,23195,200
kuang,4,kuang,kuang4.mp3,https://s3.amazonaws.com/media.yabla.com/chinese_static/audio/alicia/kuang4.mp3,downloaded,16299,200
kui,1,kui,kui1.mp3,https://s3.amazonaws.com/media.yabla.com/chinese_static/audio/alicia/kui1.mp3,downloaded,19643,200
kui,2,kui,kui2.mp3,https://s3.amazonaws.com/media.yabla.com/chinese_static/audio/alicia/kui2.mp3,downloaded,19225,200
kui,3,kui,kui3.mp3,https://s3.amazonaws.com/media.yabla.com/chinese_static/audio/alicia/kui3.mp3,downloaded,22986,200
kui,4,kui,kui4.mp3,https://s3.amazonaws.com/media.yabla.com/chinese_static/audio/alicia/kui4.mp3,downloaded,19643,200
kun,1,kun,kun1.mp3,https://s3.amazonaws.com/media.yabla.com/chinese_static/audio/alicia/kun1.mp3,downloaded,21941,200
kun,2,kun,kun2.mp3,https://s3.amazonaws.com/media.yabla.com/chinese_static/audio/alicia/kun2.mp3,downloaded,16299,200
kun,3,kun,kun3.mp3,https://s3.amazonaws.com/media.yabla.com/chinese_static/audio/alicia/kun3.mp3,downloaded,22568,200
kun,4,kun,kun4.mp3,https://s3.amazonaws.com/media.yabla.com/chinese_static/audio/alicia/kun4.mp3,downloaded,16926,200
kuo,1,kuo,kuo1.mp3,https://s3.amazonaws.com/media.yabla.com/chinese_static/audio/alicia/kuo1.mp3,downloaded,23195,200
kuo,2,kuo,kuo2.mp3,https://s3.amazonaws.com/media.yabla.com/chinese_static/audio/alicia/kuo2.mp3,downloaded,16926,200
kuo,3,kuo,kuo3.mp3,https://s3.amazonaws.com/media.yabla.com/chinese_static/audio/alicia/kuo3.mp3,downloaded,21941,200
kuo,4,kuo,kuo4.mp3,https://s3.amazonaws.com/media.yabla.com/chinese_static/audio/alicia/kuo4.mp3,downloaded,16299,200
la,1,la,la1.mp3,https://s3.amazonaws.com/media.yabla.com/chinese_static/audio/alicia/la1.mp3,downloaded,16926,200
la,2,la,la2.mp3,https://s3.amazonaws.com/media.yabla.com/chinese_static/audio/alicia/la2.mp3,downloaded,11910,200
la,3,la,la3.mp3,https://s3.amazonaws.com/media.yabla.com/chinese_static/audio/alicia/la3.mp3,downloaded,16926,200
la,4,la,la4.mp3,https://s3.amazonaws.com/media.yabla.com/chinese_static/audio/alicia/la4.mp3,downloaded,11284,200
lai,1,lai,lai1.mp3,https://s3.amazonaws.com/media.yabla.com/chinese_static/audio/alicia/lai1.mp3,downloaded,18807,200
lai,2,lai,lai2.mp3,https://s3.amazonaws.com/media.yabla.com/chinese_static/audio/alicia/lai2.mp3,downloaded,12537,200
lai,3,lai,lai3.mp3,https://s3.amazonaws.com/media.yabla.com/chinese_static/audio/alicia/lai3.mp3,downloaded,18807,200
lai,4,lai,lai4.mp3,https://s3.amazonaws.com/media.yabla.com/chinese_static/audio/alicia/lai4.mp3,downloaded,10657,200
lan,1,lan,lan1.mp3,https://s3.amazonaws.com/media.yabla.com/chinese_static/audio/alicia/lan1.mp3,downloaded,21941,200
lan,2,lan,lan2.mp3,https://s3.amazonaws.com/media.yabla.com/chinese_static/audio/alicia/lan2.mp3,downloaded,16299,200
lan,3,lan,lan3.mp3,https://s3.amazonaws.com/media.yabla.com/chinese_static/audio/alicia/lan3.mp3,downloaded,20688,200
lan,4,lan,lan4.mp3,https://s3.amazonaws.com/media.yabla.com/chinese_static/audio/alicia/lan4.mp3,downloaded,15045,200
lang,1,lang,lang1.mp3,https://s3.amazonaws.com/media.yabla.com/chinese_static/audio/alicia/lang1.mp3,downloaded,24449,200
lang,2,lang,lang2.mp3,https://s3.amazonaws.com/media.yabla.com/chinese_static/audio/alicia/lang2.mp3,downloaded,19434,200
lang,3,lang,lang3.mp3,https://s3.amazonaws.com/media.yabla.com/chinese_static/audio/alicia/lang3.mp3,downloaded,24449,200
lang,4,lang,lang4.mp3,https://s3.amazonaws.com/media.yabla.com/chinese_static/audio/alicia/lang4.mp3,downloaded,20061,200
lao,1,lao,lao1.mp3,https://s3.amazonaws.com/media.yabla.com/chinese_static/audio/alicia/lao1.mp3,downloaded,21941,200
lao,2,lao,lao2.mp3,https://s3.amazonaws.com/media.yabla.com/chinese_static/audio/alicia/lao2.mp3,downloaded,15672,200
lao,3,lao,lao3.mp3,https://s3.amazonaws.com/media.yabla.com/chinese_static/audio/alicia/lao3.mp3,downloaded,21941,200
lao,4,lao,lao4.mp3,https://s3.amazonaws.com/media.yabla.com/chinese_static/audio/alicia/lao4.mp3,downloaded,14418,200
le,1,le,le1.mp3,https://s3.amazonaws.com/media.yabla.com/chinese_static/audio/alicia/le1.mp3,downloaded,21941,200
le,2,le,le2.mp3,https://s3.amazonaws.com/media.yabla.com/chinese_static/audio/alicia/le2.mp3,downloaded,16299,200
le,3,le,le3.mp3,https://s3.amazonaws.com/media.yabla.com/chinese_static/audio/alicia/le3.mp3,downloaded,20688,200
le,4,le,le4.mp3,https://s3.amazonaws.com/media.yabla.com/chinese_static/audio/alicia/le4.mp3,downloaded,15672,200
lei,1,lei,lei1.mp3,https://s3.amazonaws.com/media.yabla.com/chinese_static/audio/alicia/lei1.mp3,downloaded,23195,200
lei,2,lei,lei2.mp3,https://s3.amazonaws.com/media.yabla.com/chinese_static/audio/alicia/lei2.mp3,downloaded,14418,200
lei,3,lei,lei3.mp3,https://s3.amazonaws.com/media.yabla.com/chinese_static/audio/alicia/lei3.mp3,downloaded,21315,200
lei,4,lei,lei4.mp3,https://s3.amazonaws.com/media.yabla.com/chinese_static/audio/alicia/lei4.mp3,downloaded,15672,200
leng,1,leng,leng1.mp3,https://s3.amazonaws.com/media.yabla.com/chinese_static/audio/alicia/leng1.mp3,downloaded,22986,200
leng,2,leng,leng2.mp3,https://s3.amazonaws.com/media.yabla.com/chinese_static/audio/alicia/leng2.mp3,downloaded,18389,200
leng,3,leng,leng3.mp3,https://s3.amazonaws.com/media.yabla.com/chinese_static/audio/alicia/leng3.mp3,downloaded,24240,200
leng,4,leng,leng4.mp3,https://s3.amazonaws.com/media.yabla.com/chinese_static/audio/alicia/leng4.mp3,downloaded,20897,200
li,1,li,li1.mp3,https://s3.amazonaws.com/media.yabla.com/chinese_static/audio/alicia/li1.mp3,downloaded,21315,200
li,2,li,li2.mp3,https://s3.amazonaws.com/media.yabla.com/chinese_static/audio/alicia/li2.mp3,downloaded,13164,200
li,3,li,li3.mp3,https://s3.amazonaws.com/media.yabla.com/chinese_static/audio/alicia/li3.mp3,downloaded,20061,200
li,4,li,li4.mp3,https://s3.amazonaws.com/media.yabla.com/chinese_static/audio/alicia/li4.mp3,downloaded,12537,200
lia,1,lia,lia1.mp3,https://s3.amazonaws.com/media.yabla.com/chinese_static/audio/alicia/lia1.mp3,downloaded,25076,200
lia,2,lia,lia2.mp3,https://s3.amazonaws.com/media.yabla.com/chinese_static/audio/alicia/lia2.mp3,downloaded,16299,200
lia,3,lia,lia3.mp3,https://s3.amazonaws.com/media.yabla.com/chinese_static/audio/alicia/lia3.mp3,downloaded,21941,200
lia,4,lia,lia4.mp3,https://s3.amazonaws.com/media.yabla.com/chinese_static/audio/alicia/lia4.mp3,downloaded,14418,200
lian,1,lian,lian1.mp3,https://s3.amazonaws.com/media.yabla.com/chinese_static/audio/alicia/lian1.mp3,downloaded,20688,200
lian,2,lian,lian2.mp3,https://s3.amazonaws.com/media.yabla.com/chinese_static/audio/alicia/lian2.mp3,downloaded,11910,200
lian,3,lian,lian3.mp3,https://s3.amazonaws.com/media.yabla.com/chinese_static/audio/alicia/lian3.mp3,downloaded,20061,200
lian,4,lian,lian4.mp3,https://s3.amazonaws.com/media.yabla.com/chinese_static/audio/alicia/lian4.mp3,downloaded,11910,200
liang,1,liang,liang1.mp3,https://s3.amazonaws.com/media.yabla.com/chinese_static/audio/alicia/liang1.mp3,downloaded,23822,200
liang,2,liang,liang2.mp3,https://s3.amazonaws.com/media.yabla.com/chinese_static/audio/alicia/liang2.mp3,downloaded,14418,200
liang,3,liang,liang3.mp3,https://s3.amazonaws.com/media.yabla.com/chinese_static/audio/alicia/liang3.mp3,downloaded,20688,200
liang,4,liang,liang4.mp3,https://s3.amazonaws.com/media.yabla.com/chinese_static/audio/alicia/liang4.mp3,downloaded,14418,200
liao,1,liao,liao1.mp3,https://s3.amazonaws.com/media.yabla.com/chinese_static/audio/alicia/liao1.mp3,downloaded,27584,200
liao,2,liao,liao2.mp3,https://s3.amazonaws.com/media.yabla.com/chinese_static/audio/alicia/liao2.mp3,downloaded,15045,200
liao,3,liao,liao3.mp3,https://s3.amazonaws.com/media.yabla.com/chinese_static/audio/alicia/liao3.mp3,downloaded,22568,200
liao,4,liao,liao4.mp3,https://s3.amazonaws.com/media.yabla.com/chinese_static/audio/alicia/liao4.mp3,downloaded,12537,200
lie,1,lie,lie1.mp3,https://s3.amazonaws.com/media.yabla.com/chinese_static/audio/alicia/lie1.mp3,downloaded,22568,200
lie,2,lie,lie2.mp3,https://s3.amazonaws.com/media.yabla.com/chinese_static/audio/alicia/lie2.mp3,downloaded,14418,200
lie,3,lie,lie3.mp3,https://s3.amazonaws.com/media.yabla.com/chinese_static/audio/alicia/lie3.mp3,downloaded,20688,200
lie,4,lie,lie4.mp3,https://s3.amazonaws.com/media.yabla.com/chinese_static/audio/alicia/lie4.mp3,downloaded,13791,200
lin,1,lin,lin1.mp3,https://s3.amazonaws.com/media.yabla.com/chinese_static/audio/alicia/lin1.mp3,downloaded,18180,200
lin,2,lin,lin2.mp3,https://s3.amazonaws.com/media.yabla.com/chinese_static/audio/alicia/lin2.mp3,downloaded,13164,200
lin,3,lin,lin3.mp3,https://s3.amazonaws.com/media.yabla.com/chinese_static/audio/alicia/lin3.mp3,downloaded,16299,200
lin,4,lin,lin4.mp3,https://s3.amazonaws.com/media.yabla.com/chinese_static/audio/alicia/lin4.mp3,downloaded,10657,200
ling,1,ling,ling1.mp3,https://s3.amazonaws.com/media.yabla.com/chinese_static/audio/alicia/ling1.mp3,downloaded,22465,200
ling,2,ling,ling2.mp3,https://s3.amazonaws.com/media.yabla.com/chinese_static/audio/alicia/ling2.mp3,downloaded,17553,200
ling,3,ling,ling3.mp3,https://s3.amazonaws.com/media.yabla.com/chinese_static/audio/alicia/ling3.mp3,downloaded,25391,200
ling,4,ling,ling4.mp3,https://s3.amazonaws.com/media.yabla.com/chinese_static/audio/alicia/ling4.mp3,downloaded,15672,200
liu,1,liu,liu1.mp3,https://s3.amazonaws.com/media.yabla.com/chinese_static/audio/alicia/liu1.mp3,downloaded,20688,200
liu,2,liu,liu2.mp3,https://s3.amazonaws.com/media.yabla.com/chinese_static/audio/alicia/liu2.mp3,downloaded,14418,200
liu,3,liu,liu3.mp3,https://s3.amazonaws.com/media.yabla.com/chinese_static/audio/alicia/liu3.mp3,downloaded,22568,200
liu,4,liu,liu4.mp3,https://s3.amazonaws.com/media.yabla.com/chinese_static/audio/alicia/liu4.mp3,downloaded,15672,200
long,1,long,long1.mp3,https://s3.amazonaws.com/media.yabla.com/chinese_static/audio/alicia/long1.mp3,downloaded,24449,200
long,2,long,long2.mp3,https://s3.amazonaws.com/media.yabla.com/chinese_static/audio/alicia/long2.mp3,downloaded,16926,200
long,3,long,long3.mp3,https://s3.amazonaws.com/media.yabla.com/chinese_static/audio/alicia/long3.mp3,downloaded,22568,200
long,4,long,long4.mp3,https://s3.amazonaws.com/media.yabla.com/chinese_static/audio/alicia/long4.mp3,downloaded,15672,200
lou,1,lou,lou1.mp3,https://s3.amazonaws.com/media.yabla.com/chinese_static/audio/alicia/lou1.mp3,downloaded,23195,200
lou,2,lou,lou2.mp3,https://s3.amazonaws.com/media.yabla.com/chinese_static/audio/alicia/lou2.mp3,downloaded,16926,200
lou,3,lou,lou3.mp3,https://s3.amazonaws.com/media.yabla.com/chinese_static/audio/alicia/lou3.mp3,downloaded,21941,200
lou,4,lou,lou4.mp3,https://s3.amazonaws.com/media.yabla.com/chinese_static/audio/alicia/lou4.mp3,downloaded,16299,200
lu,1,lu,lu1.mp3,https://s3.amazonaws.com/media.yabla.com/chinese_static/audio/alicia/lu1.mp3,downloaded,23195,200
lu,2,lu,lu2.mp3,https://s3.amazonaws.com/media.yabla.com/chinese_static/audio/alicia/lu2.mp3,downloaded,14418,200
lu,3,lu,lu3.mp3,https://s3.amazonaws.com/media.yabla.com/chinese_static/audio/alicia/lu3.mp3,downloaded,21941,200
lu,4,lu,lu4.mp3,https://s3.amazonaws.com/media.yabla.com/chinese_static/audio/alicia/lu4.mp3,downloaded,17553,200
luan,1,luan,luan1.mp3,https://s3.amazonaws.com/media.yabla.com/chinese_static/audio/alicia/luan1.mp3,downloaded,22568,200
luan,2,luan,luan2.mp3,https://s3.amazonaws.com/media.yabla.com/chinese_static/audio/alicia/luan2.mp3,downloaded,14418,200
luan,3,luan,luan3.mp3,https://s3.amazonaws.com/media.yabla.com/chinese_static/audio/alicia/luan3.mp3,downloaded,21315,200
luan,4,luan,luan4.mp3,https://s3.amazonaws.com/media.yabla.com/chinese_static/audio/alicia/luan4.mp3,downloaded,14418,200
lun,1,lun,lun1.mp3,https://s3.amazonaws.com/media.yabla.com/chinese_static/audio/alicia/lun1.mp3,downloaded,23195,200
lun,2,lun,lun2.mp3,https://s3.amazonaws.com/media.yabla.com/chinese_static/audio/alicia/lun2.mp3,downloaded,17553,200
lun,3,lun,lun3.mp3,https://s3.amazonaws.com/media.yabla.com/chinese_static/audio/alicia/lun3.mp3,downloaded,21315,200
lun,4,lun,lun4.mp3,https://s3.amazonaws.com/media.yabla.com/chinese_static/audio/alicia/lun4.mp3,downloaded,16299,200
luo,1,luo,luo1.mp3,https://s3.amazonaws.com/media.yabla.com/chinese_static/audio/alicia/luo1.mp3,downloaded,21941,200
luo,2,luo,luo2.mp3,https://s3.amazonaws.com/media.yabla.com/chinese_static/audio/alicia/luo2.mp3,downloaded,16926,200
luo,3,luo,luo3.mp3,https://s3.amazonaws.com/media.yabla.com/chinese_static/audio/alicia/luo3.mp3,downloaded,22568,200
luo,4,luo,luo4.mp3,https://s3.amazonaws.com/media.yabla.com/chinese_static/audio/alicia/luo4.mp3,downloaded,15045,200
lü,1,lv,lv1.mp3,https://s3.amazonaws.com/media.yabla.com/chinese_static/audio/alicia/lv1.mp3,downloaded,19434,200
lü,2,lv,lv2.mp3,https://s3.amazonaws.com/media.yabla.com/chinese_static/audio/alicia/lv2.mp3,downloaded,14418,200
lü,3,lv,lv3.mp3,https://s3.amazonaws.com/media.yabla.com/chinese_static/audio/alicia/lv3.mp3,downloaded,19434,200
lü,4,lv,lv4.mp3,https://s3.amazonaws.com/media.yabla.com/chinese_static/audio/alicia/lv4.mp3,downloaded,11284,200
lüe,1,lve,lve1.mp3,https://s3.amazonaws.com/media.yabla.com/chinese_static/audio/alicia/lve1.mp3,downloaded,21941,200
lüe,2,lve,lve2.mp3,https://s3.amazonaws.com/media.yabla.com/chinese_static/audio/alicia/lve2.mp3,downloaded,14418,200
lüe,3,lve,lve3.mp3,https://s3.amazonaws.com/media.yabla.com/chinese_static/audio/alicia/lve3.mp3,downloaded,19434,200
lüe,4,lve,lve4.mp3,https://s3.amazonaws.com/media.yabla.com/chinese_static/audio/alicia/lve4.mp3,downloaded,13164,200
ma,1,ma,ma1.mp3,https://s3.amazonaws.com/media.yabla.com/chinese_static/audio/alicia/ma1.mp3,downloaded,16926,200
ma,2,ma,ma2.mp3,https://s3.amazonaws.com/media.yabla.com/chinese_static/audio/alicia/ma2.mp3,downloaded,11910,200
ma,3,ma,ma3.mp3,https://s3.amazonaws.com/media.yabla.com/chinese_static/audio/alicia/ma3.mp3,downloaded,16299,200
ma,4,ma,ma4.mp3,https://s3.amazonaws.com/media.yabla.com/chinese_static/audio/alicia/ma4.mp3,downloaded,10657,200
mai,1,mai,mai1.mp3,https://s3.amazonaws.com/media.yabla.com/chinese_static/audio/alicia/mai1.mp3,downloaded,19434,200
mai,2,mai,mai2.mp3,https://s3.amazonaws.com/media.yabla.com/chinese_static/audio/alicia/mai2.mp3,downloaded,12537,200
mai,3,mai,mai3.mp3,https://s3.amazonaws.com/media.yabla.com/chinese_static/audio/alicia/mai3.mp3,downloaded,18180,200
mai,4,mai,mai4.mp3,https://s3.amazonaws.com/media.yabla.com/chinese_static/audio/alicia/mai4.mp3,downloaded,10657,200
man,1,man,man1.mp3,https://s3.amazonaws.com/media.yabla.com/chinese_static/audio/alicia/man1.mp3,downloaded,21941,200
man,2,man,man2.mp3,https://s3.amazonaws.com/media.yabla.com/chinese_static/audio/alicia/man2.mp3,downloaded,15045,200
man,3,man,man3.mp3,https://s3.amazonaws.com/media.yabla.com/chinese_static/audio/alicia/man3.mp3,downloaded,20061,200
man,4,man,man4.mp3,https://s3.amazonaws.com/media.yabla.com/chinese_static/audio/alicia/man4.mp3,downloaded,14418,200
mang,1,mang,mang1.mp3,https://s3.amazonaws.com/media.yabla.com/chinese_static/audio/alicia/mang1.mp3,downloaded,21941,200
mang,2,mang,mang2.mp3,https://s3.amazonaws.com/media.yabla.com/chinese_static/audio/alicia/mang2.mp3,downloaded,15672,200
mang,3,mang,mang3.mp3,https://s3.amazonaws.com/media.yabla.com/chinese_static/audio/alicia/mang3.mp3,downloaded,20688,200
mang,4,mang,mang4.mp3,https://s3.amazonaws.com/media.yabla.com/chinese_static/audio/alicia/mang4.mp3,downloaded,16926,200
mao,1,mao,mao1.mp3,https://s3.amazonaws.com/media.yabla.com/chinese_static/audio/alicia/mao1.mp3,downloaded,20061,200
mao,2,mao,mao2.mp3,https://s3.amazonaws.com/media.yabla.com/chinese_static/audio/alicia/mao2.mp3,downloaded,14418,200
mao,3,mao,mao3.mp3,https://s3.amazonaws.com/media.yabla.com/chinese_static/audio/alicia/mao3.mp3,downloaded,20061,200
mao,4,mao,mao4.mp3,https://s3.amazonaws.com/media.yabla.com/chinese_static/audio/alicia/mao4.mp3,downloaded,16299,200
me,1,me,me1.mp3,https://s3.amazonaws.com/media.yabla.com/chinese_static/audio/alicia/me1.mp3,downloaded,17135,200
me,2,me,me2.mp3,https://s3.amazonaws.com/media.yabla.com/chinese_static/audio/alicia/me2.mp3,downloaded,15463,200
me,3,me,me3.mp3,https://s3.amazonaws.com/media.yabla.com/chinese_static/audio/alicia/me3.mp3,downloaded,20479,200
me,4,me,me4.mp3,https://s3.amazonaws.com/media.yabla.com/chinese_static/audio/alicia/me4.mp3,downloaded,12955,200
mei,1,mei,mei1.mp3,https://s3.amazonaws.com/media.yabla.com/chinese_static/audio/alicia/mei1.mp3,downloaded,20688,200
mei,2,mei,mei2.mp3,https://s3.amazonaws.com/media.yabla.com/chinese_static/audio/alicia/mei2.mp3,downloaded,13791,200
mei,3,mei,mei3.mp3,https://s3.amazonaws.com/media.yabla.com/chinese_static/audio/alicia/mei3.mp3,downloaded,22568,200
mei,4,mei,mei4.mp3,https://s3.amazonaws.com/media.yabla.com/chinese_static/audio/alicia/mei4.mp3,downloaded,13791,200
men,1,men,men1.mp3,https://s3.amazonaws.com/media.yabla.com/chinese_static/audio/alicia/men1.mp3,downloaded,21941,200
men,2,men,men2.mp3,https://s3.amazonaws.com/media.yabla.com/chinese_static/audio/alicia/men2.mp3,downloaded,19434,200
men,3,men,men3.mp3,https://s3.amazonaws.com/media.yabla.com/chinese_static/audio/alicia/men3.mp3,downloaded,20688,200
men,4,men,men4.mp3,https://s3.amazonaws.com/media.yabla.com/chinese_static/audio/alicia/men4.mp3,downloaded,13791,200
meng,1,meng,meng1.mp3,https://s3.amazonaws.com/media.yabla.com/chinese_static/audio/alicia/meng1.mp3,downloaded,20061,200
meng,2,meng,meng2.mp3,https://s3.amazonaws.com/media.yabla.com/chinese_static/audio/alicia/meng2.mp3,downloaded,17971,200
meng,3,meng,meng3.mp3,https://s3.amazonaws.com/media.yabla.com/chinese_static/audio/alicia/meng3.mp3,downloaded,25076,200
meng,4,meng,meng4.mp3,https://s3.amazonaws.com/media.yabla.com/chinese_static/audio/alicia/meng4.mp3,downloaded,22568,200
mi,1,mi,mi1.mp3,https://s3.amazonaws.com/media.yabla.com/chinese_static/audio/alicia/mi1.mp3,downloaded,20688,200
mi,2,mi,mi2.mp3,https://s3.amazonaws.com/media.yabla.com/chinese_static/audio/alicia/mi2.mp3,downloaded,13164,200
mi,3,mi,mi3.mp3,https://s3.amazonaws.com/media.yabla.com/chinese_static/audio/alicia/mi3.mp3,downloaded,20688,200
mi,4,mi,mi4.mp3,https://s3.amazonaws.com/media.yabla.com/chinese_static/audio/alicia/mi4.mp3,downloaded,11284,200
mian,1,mian,mian1.mp3,https://s3.amazonaws.com/media.yabla.com/chinese_static/audio/alicia/mian1.mp3,downloaded,21315,200
mian,2,mian,mian2.mp3,https://s3.amazonaws.com/media.yabla.com/chinese_static/audio/alicia/mian2.mp3,downloaded,15045,200
mian,3,mian,mian3.mp3,https://s3.amazonaws.com/media.yabla.com/chinese_static/audio/alicia/mian3.mp3,downloaded,20688,200
mian,4,mian,mian4.mp3,https://s3.amazonaws.com/media.yabla.com/chinese_static/audio/alicia/mian4.mp3,downloaded,13791,200
miao,1,miao,miao1.mp3,https://s3.amazonaws.com/media.yabla.com/chinese_static/audio/alicia/miao1.mp3,downloaded,21941,200
miao,2,miao,miao2.mp3,https://s3.amazonaws.com/media.yabla.com/chinese_static/audio/alicia/miao2.mp3,downloaded,14418,200
miao,3,miao,miao3.mp3,https://s3.amazonaws.com/media.yabla.com/chinese_static/audio/alicia/miao3.mp3,downloaded,21315,200
miao,4,miao,miao4.mp3,https://s3.amazonaws.com/media.yabla.com/chinese_static/audio/alicia/miao4.mp3,downloaded,15045,200
mie,1,mie,mie1.mp3,https://s3.amazonaws.com/media.yabla.com/chinese_static/audio/alicia/mie1.mp3,downloaded,21315,200
mie,2,mie,mie2.mp3,https://s3.amazonaws.com/media.yabla.com/chinese_static/audio/alicia/mie2.mp3,downloaded,15045,200
mie,3,mie,mie3.mp3,https://s3.amazonaws.com/media.yabla.com/chinese_static/audio/alicia/mie3.mp3,downloaded,19434,200
mie,4,mie,mie4.mp3,https://s3.amazonaws.com/media.yabla.com/chinese_static/audio/alicia/mie4.mp3,downloaded,14418,200
min,1,min,min1.mp3,https://s3.amazonaws.com/media.yabla.com/chinese_static/audio/alicia/min1.mp3,downloaded,20688,200
min,2,min,min2.mp3,https://s3.amazonaws.com/media.yabla.com/chinese_static/audio/alicia/min2.mp3,downloaded,14418,200
min,3,min,min3.mp3,https://s3.amazonaws.com/media.yabla.com/chinese_static/audio/alicia/min3.mp3,downloaded,20688,200
min,4,min,min4.mp3,https://s3.amazonaws.com/media.yabla.com/chinese_static/audio/alicia/min4.mp3,downloaded,13791,200
ming,1,ming,ming1.mp3,https://s3.amazonaws.com/media.yabla.com/chinese_static/audio/alicia/ming1.mp3,downloaded,23195,200
ming,2,ming,ming2.mp3,https://s3.amazonaws.com/media.yabla.com/chinese_static/audio/alicia/ming2.mp3,downloaded,16926,200
ming,3,ming,ming3.mp3,https://s3.amazonaws.com/media.yabla.com/chinese_static/audio/alicia/ming3.mp3,downloaded,20061,200
ming,4,ming,ming4.mp3,https://s3.amazonaws.com/media.yabla.com/chinese_static/audio/alicia/ming4.mp3,downloaded,17553,200
miu,1,miu,miu1.mp3,https://s3.amazonaws.com/media.yabla.com/chinese_static/audio/alicia/miu1.mp3,downloaded,20061,200
miu,2,miu,miu2.mp3,https://s3.amazonaws.com/media.yabla.com/chinese_static/audio/alicia/miu2.mp3,downloaded,14418,200
miu,3,miu,miu3.mp3,https://s3.amazonaws.com/media.yabla.com/chinese_static/audio/alicia/miu3.mp3,downloaded,18807,200
miu,4,miu,miu4.mp3,https://s3.amazonaws.com/media.yabla.com/chinese_static/audio/alicia/miu4.mp3,downloaded,12537,200
mo,1,mo,mo1.mp3,https://s3.amazonaws.com/media.yabla.com/chinese_static/audio/alicia/mo1.mp3,downloaded,20688,200
mo,2,mo,mo2.mp3,https://s3.amazonaws.com/media.yabla.com/chinese_static/audio/alicia/mo2.mp3,downloaded,15672,200
mo,3,mo,mo3.mp3,https://s3.amazonaws.com/media.yabla.com/chinese_static/audio/alicia/mo3.mp3,downloaded,21315,200
mo,4,mo,mo4.mp3,https://s3.amazonaws.com/media.yabla.com/chinese_static/audio/alicia/mo4.mp3,downloaded,12537,200
mou,1,mou,mou1.mp3,https://s3.amazonaws.com/media.yabla.com/chinese_static/audio/alicia/mou1.mp3,downloaded,23822,200
mou,2,mou,mou2.mp3,https://s3.amazonaws.com/media.yabla.com/chinese_static/audio/alicia/mou2.mp3,downloaded,18180,200
mou,3,mou,mou3.mp3,https://s3.amazonaws.com/media.yabla.com/chinese_static/audio/alicia/mou3.mp3,downloaded,24449,200
mou,4,mou,mou4.mp3,https://s3.amazonaws.com/media.yabla.com/chinese_static/audio/alicia/mou4.mp3,downloaded,17553,200
mu,1,mu,mu1.mp3,https://s3.amazonaws.com/media.yabla.com/chinese_static/audio/alicia/mu1.mp3,downloaded,21941,200
mu,2,mu,mu2.mp3,https://s3.amazonaws.com/media.yabla.com/chinese_static/audio/alicia/mu2.mp3,downloaded,16299,200
mu,3,mu,mu3.mp3,https://s3.amazonaws.com/media.yabla.com/chinese_static/audio/alicia/mu3.mp3,downloaded,21941,200
mu,4,mu,mu4.mp3,https://s3.amazonaws.com/media.yabla.com/chinese_static/audio/alicia/mu4.mp3,downloaded,14418,200
na,1,na,na1.mp3,https://s3.amazonaws.com/media.yabla.com/chinese_static/audio/alicia/na1.mp3,downloaded,16299,200
na,2,na,na2.mp3,https://s3.amazonaws.com/media.yabla.com/chinese_static/audio/alicia/na2.mp3,downloaded,13164,200
na,3,na,na3.mp3,https://s3.amazonaws.com/media.yabla.com/chinese_static/audio/alicia/na3.mp3,downloaded,18807,200
na,4,na,na4.mp3,https://s3.amazonaws.com/media.yabla.com/chinese_static/audio/alicia/na4.mp3,downloaded,10030,200
nai,1,nai,nai1.mp3,https://s3.amazonaws.com/media.yabla.com/chinese_static/audio/alicia/nai1.mp3,downloaded,19434,200
nai,2,nai,nai2.mp3,https://s3.amazonaws.com/media.yabla.com/chinese_static/audio/alicia/nai2.mp3,downloaded,13791,200
nai,3,nai,nai3.mp3,https://s3.amazonaws.com/media.yabla.com/chinese_static/audio/alicia/nai3.mp3,downloaded,18807,200
nai,4,nai,nai4.mp3,https://s3.amazonaws.com/media.yabla.com/chinese_static/audio/alicia/nai4.mp3,downloaded,10657,200
nan,1,nan,nan1.mp3,https://s3.amazonaws.com/media.yabla.com/chinese_static/audio/alicia/nan1.mp3,downloaded,24449,200
nan,2,nan,nan2.mp3,https://s3.amazonaws.com/media.yabla.com/chinese_static/audio/alicia/nan2.mp3,downloaded,16926,200
nan,3,nan,nan3.mp3,https://s3.amazonaws.com/media.yabla.com/chinese_static/audio/alicia/nan3.mp3,downloaded,21941,200
nan,4,nan,nan4.mp3,https://s3.amazonaws.com/media.yabla.com/chinese_static/audio/alicia/nan4.mp3,downloaded,15672,200
nang,1,nang,nang1.mp3,https://s3.amazonaws.com/media.yabla.com/chinese_static/audio/alicia/nang1.mp3,downloaded,23822,200
nang,2,nang,nang2.mp3,https://s3.amazonaws.com/media.yabla.com/chinese_static/audio/alicia/nang2.mp3,downloaded,18180,200
nang,3,nang,nang3.mp3,https://s3.amazonaws.com/media.yabla.com/chinese_static/audio/alicia/nang3.mp3,downloaded,24449,200
nang,4,nang,nang4.mp3,https://s3.amazonaws.com/media.yabla.com/chinese_static/audio/alicia/nang4.mp3,downloaded,16299,200
nao,1,nao,nao1.mp3,https://s3.amazonaws.com/media.yabla.com/chinese_static/audio/alicia/nao1.mp3,downloaded,21941,200
nao,2,nao,nao2.mp3,https://s3.amazonaws.com/media.yabla.com/chinese_static/audio/alicia/nao2.mp3,downloaded,15672,200
nao,3,nao,nao3.mp3,https://s3.amazonaws.com/media.yabla.com/chinese_static/audio/alicia/nao3.mp3,downloaded,21941,200
nao,4,nao,nao4.mp3,https://s3.amazonaws.com/media.yabla.com/chinese_static/audio/alicia/nao4.mp3,downloaded,16926,200
ne,1,ne,ne1.mp3,https://s3.amazonaws.com/media.yabla.com/chinese_static/audio/alicia/ne1.mp3,downloaded,21941,200
ne,2,ne,ne2.mp3,https://s3.amazonaws.com/media.yabla.com/chinese_static/audio/alicia/ne2.mp3,downloaded,16299,200
ne,3,ne,ne3.mp3,https://s3.amazonaws.com/media.yabla.com/chinese_static/audio/alicia/ne3.mp3,downloaded,22568,200
ne,4,ne,ne4.mp3,https://s3.amazonaws.com/media.yabla.com/chinese_static/audio/alicia/ne4.mp3,downloaded,15045,200
nei,1,nei,nei1.mp3,https://s3.amazonaws.com/media.yabla.com/chinese_static/audio/alicia/nei1.mp3,downloaded,23195,200
nei,2,nei,nei2.mp3,https://s3.amazonaws.com/media.yabla.com/chinese_static/audio/alicia/nei2.mp3,downloaded,16299,200
nei,3,nei,nei3.mp3,https://s3.amazonaws.com/media.yabla.com/chinese_static/audio/alicia/nei3.mp3,downloaded,21315,200
nei,4,nei,nei4.mp3,https://s3.amazonaws.com/media.yabla.com/chinese_static/audio/alicia/nei4.mp3,downloaded,15045,200
nen,1,nen,nen1.mp3,https://s3.amazonaws.com/media.yabla.com/chinese_static/audio/alicia/nen1.mp3,downloaded,23195,200
nen,2,nen,nen2.mp3,https://s3.amazonaws.com/media.yabla.com/chinese_static/audio/alicia/nen2.mp3,downloaded,15672,200
nen,3,nen,nen3.mp3,https://s3.amazonaws.com/media.yabla.com/chinese_static/audio/alicia/nen3.mp3,downloaded,21315,200
nen,4,nen,nen4.mp3,https://s3.amazonaws.com/media.yabla.com/chinese_static/audio/alicia/nen4.mp3,downloaded,15672,200
neng,1,neng,neng1.mp3,https://s3.amazonaws.com/media.yabla.com/chinese_static/audio/alicia/neng1.mp3,downloaded,31763,200
neng,2,neng,neng2.mp3,https://s3.amazonaws.com/media.yabla.com/chinese_static/audio/alicia/neng2.mp3,downloaded,37615,200
neng,3,neng,neng3.mp3,https://s3.amazonaws.com/media.yabla.com/chinese_static/audio/alicia/neng3.mp3,downloaded,39287,200
neng,4,neng,neng4.mp3,https://s3.amazonaws.com/media.yabla.com/chinese_static/audio/alicia/neng4.mp3,downloaded,27584,200
ni,1,ni,ni1.mp3,https://s3.amazonaws.com/media.yabla.com/chinese_static/audio/alicia/ni1.mp3,downloaded,21941,200
ni,2,ni,ni2.mp3,https://s3.amazonaws.com/media.yabla.com/chinese_static/audio/alicia/ni2.mp3,downloaded,13791,200
ni,3,ni,ni3.mp3,https://s3.amazonaws.com/media.yabla.com/chinese_static/audio/alicia/ni3.mp3,downloaded,21315,200
ni,4,ni,ni4.mp3,https://s3.amazonaws.com/media.yabla.com/chinese_static/audio/alicia/ni4.mp3,downloaded,11910,200
nian,1,nian,nian1.mp3,https://s3.amazonaws.com/media.yabla.com/chinese_static/audio/alicia/nian1.mp3,downloaded,20688,200
nian,2,nian,nian2.mp3,https://s3.amazonaws.com/media.yabla.com/chinese_static/audio/alicia/nian2.mp3,downloaded,15672,200
nian,3,nian,nian3.mp3,https://s3.amazonaws.com/media.yabla.com/chinese_static/audio/alicia/nian3.mp3,downloaded,19434,200
nian,4,nian,nian4.mp3,https://s3.amazonaws.com/media.yabla.com/chinese_static/audio/alicia/nian4.mp3,downloaded,13791,200
niang,1,niang,niang1.mp3,https://s3.amazonaws.com/media.yabla.com/chinese_static/audio/alicia/niang1.mp3,downloaded,23195,200
niang,2,niang,niang2.mp3,https://s3.amazonaws.com/media.yabla.com/chinese_static/audio/alicia/niang2.mp3,downloaded,15672,200
niang,3,niang,niang3.mp3,https://s3.amazonaws.com/media.yabla.com/chinese_static/audio/alicia/niang3.mp3,downloaded,20688,200
niang,4,niang,niang4.mp3,https://s3.amazonaws.com/media.yabla.com/chinese_static/audio/alicia/niang4.mp3,downloaded,13164,200
niao,1,niao,niao1.mp3,https://s3.amazonaws.com/media.yabla.com/chinese_static/audio/alicia/niao1.mp3,downloaded,22568,200
niao,2,niao,niao2.mp3,https://s3.amazonaws.com/media.yabla.com/chinese_static/audio/alicia/niao2.mp3,downloaded,16926,200
niao,3,niao,niao3.mp3,https://s3.amazonaws.com/media.yabla.com/chinese_static/audio/alicia/niao3.mp3,downloaded,22568,200
niao,4,niao,niao4.mp3,https://s3.amazonaws.com/media.yabla.com/chinese_static/audio/alicia/niao4.mp3,downloaded,18180,200
nie,1,nie,nie1.mp3,https://s3.amazonaws.com/media.yabla.com/chinese_static/audio/alicia/nie1.mp3,downloaded,20061,200
nie,2,nie,nie2.mp3,https://s3.amazonaws.com/media.yabla.com/chinese_static/audio/alicia/nie2.mp3,downloaded,15672,200
nie,3,nie,nie3.mp3,https://s3.amazonaws.com/media.yabla.com/chinese_static/audio/alicia/nie3.mp3,downloaded,21315,200
nie,4,nie,nie4.mp3,https://s3.amazonaws.com/media.yabla.com/chinese_static/audio/alicia/nie4.mp3,downloaded,16926,200
nin,1,nin,nin1.mp3,https://s3.amazonaws.com/media.yabla.com/chinese_static/audio/alicia/nin1.mp3,downloaded,19434,200
nin,2,nin,nin2.mp3,https://s3.amazonaws.com/media.yabla.com/chinese_static/audio/alicia/nin2.mp3,downloaded,11910,200
nin,3,nin,nin3.mp3,https://s3.amazonaws.com/media.yabla.com/chinese_static/audio/alicia/nin3.mp3,downloaded,16926,200
nin,4,nin,nin4.mp3,https://s3.amazonaws.com/media.yabla.com/chinese_static/audio/alicia/nin4.mp3,downloaded,13164,200
ning,1,ning,ning1.mp3,https://s3.amazonaws.com/media.yabla.com/chinese_static/audio/alicia/ning1.mp3,downloaded,23301,200
ning,2,ning,ning2.mp3,https://s3.amazonaws.com/media.yabla.com/chinese_static/audio/alicia/ning2.mp3,downloaded,18180,200
ning,3,ning,ning3.mp3,https://s3.amazonaws.com/media.yabla.com/chinese_static/audio/alicia/ning3.mp3,downloaded,26645,200
ning,4,ning,ning4.mp3,https://s3.amazonaws.com/media.yabla.com/chinese_static/audio/alicia/ning4.mp3,downloaded,15045,200
niu,1,niu,niu1.mp3,https://s3.amazonaws.com/media.yabla.com/chinese_static/audio/alicia/niu1.mp3,downloaded,19434,200
niu,2,niu,niu2.mp3,https://s3.amazonaws.com/media.yabla.com/chinese_static/audio/alicia/niu2.mp3,downloaded,13791,200
niu,3,niu,niu3.mp3,https://s3.amazonaws.com/media.yabla.com/chinese_static/audio/alicia/niu3.mp3,downloaded,20061,200
niu,4,niu,niu4.mp3,https://s3.amazonaws.com/media.yabla.com/chinese_static/audio/alicia/niu4.mp3,downloaded,13791,200
nong,1,nong,nong1.mp3,https://s3.amazonaws.com/media.yabla.com/chinese_static/audio/alicia/nong1.mp3,downloaded,22568,200
nong,2,nong,nong2.mp3,https://s3.amazonaws.com/media.yabla.com/chinese_static/audio/alicia/nong2.mp3,downloaded,17553,200
nong,3,nong,nong3.mp3,https://s3.amazonaws.com/media.yabla.com/chinese_static/audio/alicia/nong3.mp3,downloaded,22568,200
nong,4,nong,nong4.mp3,https://s3.amazonaws.com/media.yabla.com/chinese_static/audio/alicia/nong4.mp3,downloaded,15045,200
nou,1,nou,nou1.mp3,https://s3.amazonaws.com/media.yabla.com/chinese_static/audio/alicia/nou1.mp3,downloaded,21941,200
nou,2,nou,nou2.mp3,https://s3.amazonaws.com/media.yabla.com/chinese_static/audio/alicia/nou2.mp3,downloaded,15672,200
nou,3,nou,nou3.mp3,https://s3.amazonaws.com/media.yabla.com/chinese_static/audio/alicia/nou3.mp3,downloaded,20061,200
nou,4,nou,nou4.mp3,https://s3.amazonaws.com/media.yabla.com/chinese_static/audio/alicia/nou4.mp3,downloaded,15045,200
nu,1,nu,nu1.mp3,https://s3.amazonaws.com/media.yabla.com/chinese_static/audio/alicia/nu1.mp3,downloaded,23195,200
nu,2,nu,nu2.mp3,https://s3.amazonaws.com/media.yabla.com/chinese_static/audio/alicia/nu2.mp3,downloaded,16299,200
nu,3,nu,nu3.mp3,https://s3.amazonaws.com/media.yabla.com/chinese_static/audio/alicia/nu3.mp3,downloaded,20688,200
nu,4,nu,nu4.mp3,https://s3.amazonaws.com/media.yabla.com/chinese_static/audio/alicia/nu4.mp3,downloaded,16299,200
nuan,1,nuan,nuan1.mp3,https://s3.amazonaws.com/media.yabla.com/chinese_static/audio/alicia/nuan1.mp3,downloaded,21315,200
nuan,2,nuan,nuan2.mp3,https://s3.amazonaws.com/media.yabla.com/chinese_static/audio/alicia/nuan2.mp3,downloaded,21315,200
nuan,3,nuan,nuan3.mp3,https://s3.amazonaws.com/media.yabla.com/chinese_static/audio/alicia/nuan3.mp3,downloaded,19434,200
nuan,4,nuan,nuan4.mp3,https://s3.amazonaws.com/media.yabla.com/chinese_static/audio/alicia/nuan4.mp3,downloaded,13791,200
nuo,1,nuo,nuo1.mp3,https://s3.amazonaws.com/media.yabla.com/chinese_static/audio/alicia/nuo1.mp3,downloaded,21315,200
nuo,2,nuo,nuo2.mp3,https://s3.amazonaws.com/media.yabla.com/chinese_static/audio/alicia/nuo2.mp3,downloaded,16299,200
nuo,3,nuo,nuo3.mp3,https://s3.amazonaws.com/media.yabla.com/chinese_static/audio/alicia/nuo3.mp3,downloaded,20688,200
nuo,4,nuo,nuo4.mp3,https://s3.amazonaws.com/media.yabla.com/chinese_static/audio/alicia/nuo4.mp3,downloaded,16299,200
nü,1,nv,nv1.mp3,https://s3.amazonaws.com/media.yabla.com/chinese_static/audio/alicia/nv1.mp3,downloaded,20061,200
nü,2,nv,nv2.mp3,https://s3.amazonaws.com/media.yabla.com/chinese_static/audio/alicia/nv2.mp3,downloaded,13791,200
nü,3,nv,nv3.mp3,https://s3.amazonaws.com/media.yabla.com/chinese_static/audio/alicia/nv3.mp3,downloaded,19434,200
nü,4,nv,nv4.mp3,https://s3.amazonaws.com/media.yabla.com/chinese_static/audio/alicia/nv4.mp3,downloaded,13164,200
nüe,1,nve,nve1.mp3,https://s3.amazonaws.com/media.yabla.com/chinese_static/audio/alicia/nve1.mp3,downloaded,18807,200
nüe,2,nve,nve2.mp3,https://s3.amazonaws.com/media.yabla.com/chinese_static/audio/alicia/nve2.mp3,downloaded,15045,200
nüe,3,nve,nve3.mp3,https://s3.amazonaws.com/media.yabla.com/chinese_static/audio/alicia/nve3.mp3,downloaded,19434,200
nüe,4,nve,nve4.mp3,https://s3.amazonaws.com/media.yabla.com/chinese_static/audio/alicia/nve4.mp3,downloaded,15672,200
o,1,o,o1.mp3,https://s3.amazonaws.com/media.yabla.com/chinese_static/audio/alicia/o1.mp3,downloaded,19434,200
o,2,o,o2.mp3,https://s3.amazonaws.com/media.yabla.com/chinese_static/audio/alicia/o2.mp3,downloaded,15672,200
o,3,o,o3.mp3,https://s3.amazonaws.com/media.yabla.com/chinese_static/audio/alicia/o3.mp3,downloaded,19434,200
o,4,o,o4.mp3,https://s3.amazonaws.com/media.yabla.com/chinese_static/audio/alicia/o4.mp3,downloaded,15045,200
ou,1,ou,ou1.mp3,https://s3.amazonaws.com/media.yabla.com/chinese_static/audio/alicia/ou1.mp3,downloaded,18807,200
ou,2,ou,ou2.mp3,https://s3.amazonaws.com/media.yabla.com/chinese_static/audio/alicia/ou2.mp3,downloaded,18807,200
ou,3,ou,ou3.mp3,https://s3.amazonaws.com/media.yabla.com/chinese_static/audio/alicia/ou3.mp3,downloaded,21941,200
ou,4,ou,ou4.mp3,https://s3.amazonaws.com/media.yabla.com/chinese_static/audio/alicia/ou4.mp3,downloaded,17553,200
pa,1,pa,pa1.mp3,https://s3.amazonaws.com/media.yabla.com/chinese_static/audio/alicia/pa1.mp3,downloaded,15045,200
pa,2,pa,pa2.mp3,https://s3.amazonaws.com/media.yabla.com/chinese_static/audio/alicia/pa2.mp3,downloaded,13164,200
pa,3,pa,pa3.mp3,https://s3.amazonaws.com/media.yabla.com/chinese_static/audio/alicia/pa3.mp3,downloaded,19434,200
pa,4,pa,pa4.mp3,https://s3.amazonaws.com/media.yabla.com/chinese_static/audio/alicia/pa4.mp3,downloaded,10657,200
pai,1,pai,pai1.mp3,https://s3.amazonaws.com/media.yabla.com/chinese_static/audio/alicia/pai1.mp3,downloaded,17553,200
pai,2,pai,pai2.mp3,https://s3.amazonaws.com/media.yabla.com/chinese_static/audio/alicia/pai2.mp3,downloaded,11284,200
pai,3,pai,pai3.mp3,https://s3.amazonaws.com/media.yabla.com/chinese_static/audio/alicia/pai3.mp3,downloaded,16926,200
pai,4,pai,pai4.mp3,https://s3.amazonaws.com/media.yabla.com/chinese_static/audio/alicia/pai4.mp3,downloaded,11910,200
pan,1,pan,pan1.mp3,https://s3.amazonaws.com/media.yabla.com/chinese_static/audio/alicia/pan1.mp3,downloaded,18807,200
pan,2,pan,pan2.mp3,https://s3.amazonaws.com/media.yabla.com/chinese_static/audio/alicia/pan2.mp3,downloaded,15672,200
pan,3,pan,pan3.mp3,https://s3.amazonaws.com/media.yabla.com/chinese_static/audio/alicia/pan3.mp3,downloaded,23822,200
pan,4,pan,pan4.mp3,https://s3.amazonaws.com/media.yabla.com/chinese_static/audio/alicia/pan4.mp3,downloaded,15045,200
pang,1,pang,pang1.mp3,https://s3.amazonaws.com/media.yabla.com/chinese_static/audio/alicia/pang1.mp3,downloaded,21941,200
pang,2,pang,pang2.mp3,https://s3.amazonaws.com/media.yabla.com/chinese_static/audio/alicia/pang2.mp3,downloaded,15045,200
pang,3,pang,pang3.mp3,https://s3.amazonaws.com/media.yabla.com/chinese_static/audio/alicia/pang3.mp3,downloaded,21941,200
pang,4,pang,pang4.mp3,https://s3.amazonaws.com/media.yabla.com/chinese_static/audio/alicia/pang4.mp3,downloaded,15045,200
pao,1,pao,pao1.mp3,https://s3.amazonaws.com/media.yabla.com/chinese_static/audio/alicia/pao1.mp3,downloaded,20061,200
pao,2,pao,pao2.mp3,https://s3.amazonaws.com/media.yabla.com/chinese_static/audio/alicia/pao2.mp3,downloaded,17553,200
pao,3,pao,pao3.mp3,https://s3.amazonaws.com/media.yabla.com/chinese_static/audio/alicia/pao3.mp3,downloaded,18180,200
pao,4,pao,pao4.mp3,https://s3.amazonaws.com/media.yabla.com/chinese_static/audio/alicia/pao4.mp3,downloaded,15045,200
pei,1,pei,pei1.mp3,https://s3.amazonaws.com/media.yabla.com/chinese_static/audio/alicia/pei1.mp3,downloaded,20688,200
pei,2,pei,pei2.mp3,https://s3.amazonaws.com/media.yabla.com/chinese_static/audio/alicia/pei2.mp3,downloaded,15672,200
pei,3,pei,pei3.mp3,https://s3.amazonaws.com/media.yabla.com/chinese_static/audio/alicia/pei3.mp3,downloaded,21315,200
pei,4,pei,pei4.mp3,https://s3.amazonaws.com/media.yabla.com/chinese_static/audio/alicia/pei4.mp3,downloaded,14418,200
pen,1,pen,pen1.mp3,https://s3.amazonaws.com/media.yabla.com/chinese_static/audio/alicia/pen1.mp3,downloaded,23822,200
pen,2,pen,pen2.mp3,https://s3.amazonaws.com/media.yabla.com/chinese_static/audio/alicia/pen2.mp3,downloaded,18807,200
pen,3,pen,pen3.mp3,https://s3.amazonaws.com/media.yabla.com/chinese_static/audio/alicia/pen3.mp3,downloaded,20061,200
pen,4,pen,pen4.mp3,https://s3.amazonaws.com/media.yabla.com/chinese_static/audio/alicia/pen4.mp3,downloaded,15672,200
peng,1,peng,peng1.mp3,https://s3.amazonaws.com/media.yabla.com/chinese_static/audio/alicia/peng1.mp3,downloaded,22568,200
peng,2,peng,peng2.mp3,https://s3.amazonaws.com/media.yabla.com/chinese_static/audio/alicia/peng2.mp3,downloaded,16926,200
peng,3,peng,peng3.mp3,https://s3.amazonaws.com/media.yabla.com/chinese_static/audio/alicia/peng3.mp3,downloaded,20688,200
peng,4,peng,peng4.mp3,https://s3.amazonaws.com/media.yabla.com/chinese_static/audio/alicia/peng4.mp3,downloaded,15672,200
pi,1,pi,pi1.mp3,https://s3.amazonaws.com/media.yabla.com/chinese_static/audio/alicia/pi1.mp3,downloaded,20061,200
pi,2,pi,pi2.mp3,https://s3.amazonaws.com/media.yabla.com/chinese_static/audio/alicia/pi2.mp3,downloaded,13791,200
pi,3,pi,pi3.mp3,https://s3.amazonaws.com/media.yabla.com/chinese_static/audio/alicia/pi3.mp3,downloaded,21315,200
pi,4,pi,pi4.mp3,https://s3.amazonaws.com/media.yabla.com/chinese_static/audio/alicia/pi4.mp3,downloaded,15045,200
pian,1,pian,pian1.mp3,https://s3.amazonaws.com/media.yabla.com/chinese_static/audio/alicia/pian1.mp3,downloaded,23195,200
pian,2,pian,pian2.mp3,https://s3.amazonaws.com/media.yabla.com/chinese_static/audio/alicia/pian2.mp3,downloaded,15672,200
pian,3,pian,pian3.mp3,https://s3.amazonaws.com/media.yabla.com/chinese_static/audio/alicia/pian3.mp3,downloaded,22568,200
pian,4,pian,pian4.mp3,https://s3.amazonaws.com/media.yabla.com/chinese_static/audio/alicia/pian4.mp3,downloaded,14418,200
piao,1,piao,piao1.mp3,https://s3.amazonaws.com/media.yabla.com/chinese_static/audio/alicia/piao1.mp3,downloaded,26330,200
piao,2,piao,piao2.mp3,https://s3.amazonaws.com/media.yabla.com/chinese_static/audio/alicia/piao2.mp3,downloaded,15672,200
piao,3,piao,piao3.mp3,https://s3.amazonaws.com/media.yabla.com/chinese_static/audio/alicia/piao3.mp3,downloaded,20061,200
piao,4,piao,piao4.mp3,https://s3.amazonaws.com/media.yabla.com/chinese_static/audio/alicia/piao4.mp3,downloaded,16926,200
pie,1,pie,pie1.mp3,https://s3.amazonaws.com/media.yabla.com/chinese_static/audio/alicia/pie1.mp3,downloaded,20688,200
pie,2,pie,pie2.mp3,https://s3.amazonaws.com/media.yabla.com/chinese_static/audio/alicia/pie2.mp3,downloaded,15045,200
pie,3,pie,pie3.mp3,https://s3.amazonaws.com/media.yabla.com/chinese_static/audio/alicia/pie3.mp3,downloaded,21941,200
pie,4,pie,pie4.mp3,https://s3.amazonaws.com/media.yabla.com/chinese_static/audio/alicia/pie4.mp3,downloaded,15045,200
pin,1,pin,pin1.mp3,https://s3.amazonaws.com/media.yabla.com/chinese_static/audio/alicia/pin1.mp3,downloaded,22568,200
pin,2,pin,pin2.mp3,https://s3.amazonaws.com/media.yabla.com/chinese_static/audio/alicia/pin2.mp3,downloaded,16926,200
pin,3,pin,pin3.mp3,https://s3.amazonaws.com/media.yabla.com/chinese_static/audio/alicia/pin3.mp3,downloaded,19434,200
pin,4,pin,pin4.mp3,https://s3.amazonaws.com/media.yabla.com/chinese_static/audio/alicia/pin4.mp3,downloaded,13791,200
ping,1,ping,ping1.mp3,https://s3.amazonaws.com/media.yabla.com/chinese_static/audio/alicia/ping1.mp3,downloaded,22568,200
ping,2,ping,ping2.mp3,https://s3.amazonaws.com/media.yabla.com/chinese_static/audio/alicia/ping2.mp3,downloaded,15672,200
ping,3,ping,ping3.mp3,https://s3.amazonaws.com/media.yabla.com/chinese_static/audio/alicia/ping3.mp3,downloaded,18180,200
ping,4,ping,ping4.mp3,https://s3.amazonaws.com/media.yabla.com/chinese_static/audio/alicia/ping4.mp3,downloaded,16926,200
po,1,po,po1.mp3,https://s3.amazonaws.com/media.yabla.com/chinese_static/audio/alicia/po1.mp3,downloaded,19434,200
po,2,po,po2.mp3,https://s3.amazonaws.com/media.yabla.com/chinese_static/audio/alicia/po2.mp3,downloaded,15045,200
po,3,po,po3.mp3,https://s3.amazonaws.com/media.yabla.com/chinese_static/audio/alicia/po3.mp3,downloaded,19434,200
po,4,po,po4.mp3,https://s3.amazonaws.com/media.yabla.com/chinese_static/audio/alicia/po4.mp3,downloaded,13791,200
pou,1,pou,pou1.mp3,https://s3.amazonaws.com/media.yabla.com/chinese_static/audio/alicia/pou1.mp3,downloaded,22568,200
pou,2,pou,pou2.mp3,https://s3.amazonaws.com/media.yabla.com/chinese_static/audio/alicia/pou2.mp3,downloaded,18807,200
pou,3,pou,pou3.mp3,https://s3.amazonaws.com/media.yabla.com/chinese_static/audio/alicia/pou3.mp3,downloaded,23822,200
pou,4,pou,pou4.mp3,https://s3.amazonaws.com/media.yabla.com/chinese_static/audio/alicia/pou4.mp3,downloaded,18807,200
pu,1,pu,pu1.mp3,https://s3.amazonaws.com/media.yabla.com/chinese_static/audio/alicia/pu1.mp3,downloaded,21315,200
pu,2,pu,pu2.mp3,https://s3.amazonaws.com/media.yabla.com/chinese_static/audio/alicia/pu2.mp3,downloaded,13791,200
pu,3,pu,pu3.mp3,https://s3.amazonaws.com/media.yabla.com/chinese_static/audio/alicia/pu3.mp3,downloaded,22568,200
pu,4,pu,pu4.mp3,https://s3.amazonaws.com/media.yabla.com/chinese_static/audio/alicia/pu4.mp3,downloaded,15045,200
qi,1,qi,qi1.mp3,https://s3.amazonaws.com/media.yabla.com/chinese_static/audio/alicia/qi1.mp3,downloaded,19434,200
qi,2,qi,qi2.mp3,https://s3.amazonaws.com/media.yabla.com/chinese_static/audio/alicia/qi2.mp3,downloaded,13791,200
qi,3,qi,qi3.mp3,https://s3.amazonaws.com/media.yabla.com/chinese_static/audio/alicia/qi3.mp3,downloaded,19434,200
qi,4,qi,qi4.mp3,https://s3.amazonaws.com/media.yabla.com/chinese_static/audio/alicia/qi4.mp3,downloaded,14418,200
qia,1,qia,qia1.mp3,https://s3.amazonaws.com/media.yabla.com/chinese_static/audio/alicia/qia1.mp3,downloaded,25703,200
qia,2,qia,qia2.mp3,https://s3.amazonaws.com/media.yabla.com/chinese_static/audio/alicia/qia2.mp3,downloaded,16926,200
qia,3,qia,qia3.mp3,https://s3.amazonaws.com/media.yabla.com/chinese_static/audio/alicia/qia3.mp3,downloaded,21941,200
qia,4,qia,qia4.mp3,https://s3.amazonaws.com/media.yabla.com/chinese_static/audio/alicia/qia4.mp3,downloaded,14418,200
qian,1,qian,qian1.mp3,https://s3.amazonaws.com/media.yabla.com/chinese_static/audio/alicia/qian1.mp3,downloaded,21941,200
qian,2,qian,qian2.mp3,https://s3.amazonaws.com/media.yabla.com/chinese_static/audio/alicia/qian2.mp3,downloaded,16926,200
qian,3,qian,qian3.mp3,https://s3.amazonaws.com/media.yabla.com/chinese_static/audio/alicia/qian3.mp3,downloaded,21315,200
qian,4,qian,qian4.mp3,https://s3.amazonaws.com/media.yabla.com/chinese_static/audio/alicia/qian4.mp3,downloaded,14418,200
qiang,1,qiang,qiang1.mp3,https://s3.amazonaws.com/media.yabla.com/chinese_static/audio/alicia/qiang1.mp3,downloaded,25703,200
qiang,2,qiang,qiang2.mp3,https://s3.amazonaws.com/media.yabla.com/chinese_static/audio/alicia/qiang2.mp3,downloaded,15672,200
qiang,3,qiang,qiang3.mp3,https://s3.amazonaws.com/media.yabla.com/chinese_static/audio/alicia/qiang3.mp3,downloaded,21941,200
qiang,4,qiang,qiang4.mp3,https://s3.amazonaws.com/media.yabla.com/chinese_static/audio/alicia/qiang4.mp3,downloaded,14418,200
qiao,1,qiao,qiao1.mp3,https://s3.amazonaws.com/media.yabla.com/chinese_static/audio/alicia/qiao1.mp3,downloaded,28211,200
qiao,2,qiao,qiao2.mp3,https://s3.amazonaws.com/media.yabla.com/chinese_static/audio/alicia/qiao2.mp3,downloaded,16926,200
qiao,3,qiao,qiao3.mp3,https://s3.amazonaws.com/media.yabla.com/chinese_static/audio/alicia/qiao3.mp3,downloaded,22568,200
qiao,4,qiao,qiao4.mp3,https://s3.amazonaws.com/media.yabla.com/chinese_static/audio/alicia/qiao4.mp3,downloaded,16299,200
qie,1,qie,qie1.mp3,https://s3.amazonaws.com/media.yabla.com/chinese_static/audio/alicia/qie1.mp3,downloaded,21941,200
qie,2,qie,qie2.mp3,https://s3.amazonaws.com/media.yabla.com/chinese_static/audio/alicia/qie2.mp3,downloaded,15045,200
qie,3,qie,qie3.mp3,https://s3.amazonaws.com/media.yabla.com/chinese_static/audio/alicia/qie3.mp3,downloaded,20688,200
qie,4,qie,qie4.mp3,https://s3.amazonaws.com/media.yabla.com/chinese_static/audio/alicia/qie4.mp3,downloaded,16926,200
qin,1,qin,qin1.mp3,https://s3.amazonaws.com/media.yabla.com/chinese_static/audio/alicia/qin1.mp3,downloaded,18180,200
qin,2,qin,qin2.mp3,https://s3.amazonaws.com/media.yabla.com/chinese_static/audio/alicia/qin2.mp3,downloaded,14418,200
qin,3,qin,qin3.mp3,https://s3.amazonaws.com/media.yabla.com/chinese_static/audio/alicia/qin3.mp3,downloaded,17553,200
qin,4,qin,qin4.mp3,https://s3.amazonaws.com/media.yabla.com/chinese_static/audio/alicia/qin4.mp3,downloaded,14418,200
qing,1,qing,qing1.mp3,https://s3.amazonaws.com/media.yabla.com/chinese_static/audio/alicia/qing1.mp3,downloaded,24973,200
qing,2,qing,qing2.mp3,https://s3.amazonaws.com/media.yabla.com/chinese_static/audio/alicia/qing2.mp3,downloaded,10528,200
qing,3,qing,qing3.mp3,https://s3.amazonaws.com/media.yabla.com/chinese_static/audio/alicia/qing3.mp3,downloaded,27899,200
qing,4,qing,qing4.mp3,https://s3.amazonaws.com/media.yabla.com/chinese_static/audio/alicia/qing4.mp3,downloaded,13035,200
qiong,1,qiong,qiong1.mp3,https://s3.amazonaws.com/media.yabla.com/chinese_static/audio/alicia/qiong1.mp3,downloaded,25703,200
qiong,2,qiong,qiong2.mp3,https://s3.amazonaws.com/media.yabla.com/chinese_static/audio/alicia/qiong2.mp3,downloaded,18807,200
qiong,3,qiong,qiong3.mp3,https://s3.amazonaws.com/media.yabla.com/chinese_static/audio/alicia/qiong3.mp3,downloaded,21941,200
qiong,4,qiong,qiong4.mp3,https://s3.amazonaws.com/media.yabla.com/chinese_static/audio/alicia/qiong4.mp3,downloaded,18807,200
qiu,1,qiu,qiu1.mp3,https://s3.amazonaws.com/media.yabla.com/chinese_static/audio/alicia/qiu1.mp3,downloaded,20688,200
qiu,2,qiu,qiu2.mp3,https://s3.amazonaws.com/media.yabla.com/chinese_static/audio/alicia/qiu2.mp3,downloaded,15672,200
qiu,3,qiu,qiu3.mp3,https://s3.amazonaws.com/media.yabla.com/chinese_static/audio/alicia/qiu3.mp3,downloaded,21941,200
qiu,4,qiu,qiu4.mp3,https://s3.amazonaws.com/media.yabla.com/chinese_static/audio/alicia/qiu4.mp3,downloaded,12537,200
qu,1,qu,qu1.mp3,https://s3.amazonaws.com/media.yabla.com/chinese_static/audio/alicia/qu1.mp3,downloaded,23195,200
qu,2,qu,qu2.mp3,https://s3.amazonaws.com/media.yabla.com/chinese_static/audio/alicia/qu2.mp3,downloaded,15672,200
qu,3,qu,qu3.mp3,https://s3.amazonaws.com/media.yabla.com/chinese_static/audio/alicia/qu3.mp3,downloaded,20688,200
qu,4,qu,qu4.mp3,https://s3.amazonaws.com/media.yabla.com/chinese_static/audio/alicia/qu4.mp3,downloaded,13164,200
quan,1,quan,quan1.mp3,https://s3.amazonaws.com/media.yabla.com/chinese_static/audio/alicia/quan1.mp3,downloaded,18180,200
quan,2,quan,quan2.mp3,https://s3.amazonaws.com/media.yabla.com/chinese_static/audio/alicia/quan2.mp3,downloaded,14418,200
quan,3,quan,quan3.mp3,https://s3.amazonaws.com/media.yabla.com/chinese_static/audio/alicia/quan3.mp3,downloaded,20688,200
quan,4,quan,quan4.mp3,https://s3.amazonaws.com/media.yabla.com/chinese_static/audio/alicia/quan4.mp3,downloaded,12537,200
que,1,que,que1.mp3,https://s3.amazonaws.com/media.yabla.com/chinese_static/audio/alicia/que1.mp3,downloaded,20688,200
que,2,que,que2.mp3,https://s3.amazonaws.com/media.yabla.com/chinese_static/audio/alicia/que2.mp3,downloaded,13791,200
que,3,que,que3.mp3,https://s3.amazonaws.com/media.yabla.com/chinese_static/audio/alicia/que3.mp3,downloaded,20688,200
que,4,que,que4.mp3,https://s3.amazonaws.com/media.yabla.com/chinese_static/audio/alicia/que4.mp3,downloaded,15045,200
qun,1,qun,qun1.mp3,https://s3.amazonaws.com/media.yabla.com/chinese_static/audio/alicia/qun1.mp3,downloaded,20061,200
qun,2,qun,qun2.mp3,https://s3.amazonaws.com/media.yabla.com/chinese_static/audio/alicia/qun2.mp3,downloaded,16926,200
qun,3,qun,qun3.mp3,https://s3.amazonaws.com/media.yabla.com/chinese_static/audio/alicia/qun3.mp3,downloaded,21315,200
qun,4,qun,qun4.mp3,https://s3.amazonaws.com/media.yabla.com/chinese_static/audio/alicia/qun4.mp3,downloaded,12537,200
ran,1,ran,ran1.mp3,https://s3.amazonaws.com/media.yabla.com/chinese_static/audio/alicia/ran1.mp3,downloaded,22568,200
ran,2,ran,ran2.mp3,https://s3.amazonaws.com/media.yabla.com/chinese_static/audio/alicia/ran2.mp3,downloaded,17553,200
ran,3,ran,ran3.mp3,https://s3.amazonaws.com/media.yabla.com/chinese_static/audio/alicia/ran3.mp3,downloaded,23822,200
ran,4,ran,ran4.mp3,https://s3.amazonaws.com/media.yabla.com/chinese_static/audio/alicia/ran4.mp3,downloaded,16299,200
rang,1,rang,rang1.mp3,https://s3.amazonaws.com/media.yabla.com/chinese_static/audio/alicia/rang1.mp3,downloaded,25703,200
rang,2,rang,rang2.mp3,https://s3.amazonaws.com/media.yabla.com/chinese_static/audio/alicia/rang2.mp3,downloaded,19434,200
rang,3,rang,rang3.mp3,https://s3.amazonaws.com/media.yabla.com/chinese_static/audio/alicia/rang3.mp3,downloaded,24449,200
rang,4,rang,rang4.mp3,https://s3.amazonaws.com/media.yabla.com/chinese_static/audio/alicia/rang4.mp3,downloaded,18807,200
rao,1,rao,rao1.mp3,https://s3.amazonaws.com/media.yabla.com/chinese_static/audio/alicia/rao1.mp3,downloaded,20688,200
rao,2,rao,rao2.mp3,https://s3.amazonaws.com/media.yabla.com/chinese_static/audio/alicia/rao2.mp3,downloaded,17553,200
rao,3,rao,rao3.mp3,https://s3.amazonaws.com/media.yabla.com/chinese_static/audio/alicia/rao3.mp3,downloaded,21941,200
rao,4,rao,rao4.mp3,https://s3.amazonaws.com/media.yabla.com/chinese_static/audio/alicia/rao4.mp3,downloaded,15045,200
re,1,re,re1.mp3,https://s3.amazonaws.com/media.yabla.com/chinese_static/audio/alicia/re1.mp3,downloaded,21941,200
re,2,re,re2.mp3,https://s3.amazonaws.com/media.yabla.com/chinese_static/audio/alicia/re2.mp3,downloaded,14418,200
re,3,re,re3.mp3,https://s3.amazonaws.com/media.yabla.com/chinese_static/audio/alicia/re3.mp3,downloaded,21941,200
re,4,re,re4.mp3,https://s3.amazonaws.com/media.yabla.com/chinese_static/audio/alicia/re4.mp3,downloaded,13791,200
ren,1,ren,ren1.mp3,https://s3.amazonaws.com/media.yabla.com/chinese_static/audio/alicia/ren1.mp3,downloaded,21941,200
ren,2,ren,ren2.mp3,https://s3.amazonaws.com/media.yabla.com/chinese_static/audio/alicia/ren2.mp3,downloaded,15672,200
ren,3,ren,ren3.mp3,https://s3.amazonaws.com/media.yabla.com/chinese_static/audio/alicia/ren3.mp3,downloaded,19434,200
ren,4,ren,ren4.mp3,https://s3.amazonaws.com/media.yabla.com/chinese_static/audio/alicia/ren4.mp3,downloaded,13164,200
reng,1,reng,reng1.mp3,https://s3.amazonaws.com/media.yabla.com/chinese_static/audio/alicia/reng1.mp3,downloaded,32181,200
reng,2,reng,reng2.mp3,https://s3.amazonaws.com/media.yabla.com/chinese_static/audio/alicia/reng2.mp3,downloaded,26748,200
reng,3,reng,reng3.mp3,https://s3.amazonaws.com/media.yabla.com/chinese_static/audio/alicia/reng3.mp3,downloaded,29674,200
reng,4,reng,reng4.mp3,https://s3.amazonaws.com/media.yabla.com/chinese_static/audio/alicia/reng4.mp3,downloaded,27584,200
ri,1,ri,ri1.mp3,https://s3.amazonaws.com/media.yabla.com/chinese_static/audio/alicia/ri1.mp3,downloaded,18180,200
ri,2,ri,ri2.mp3,https://s3.amazonaws.com/media.yabla.com/chinese_static/audio/alicia/ri2.mp3,downloaded,11910,200
ri,3,ri,ri3.mp3,https://s3.amazonaws.com/media.yabla.com/chinese_static/audio/alicia/ri3.mp3,downloaded,16926,200
ri,4,ri,ri4.mp3,https://s3.amazonaws.com/media.yabla.com/chinese_static/audio/alicia/ri4.mp3,downloaded,14418,200
rong,1,rong,rong1.mp3,https://s3.amazonaws.com/media.yabla.com/chinese_static/audio/alicia/rong1.mp3,downloaded,25703,200
rong,2,rong,rong2.mp3,https://s3.amazonaws.com/media.yabla.com/chinese_static/audio/alicia/rong2.mp3,downloaded,19434,200
rong,3,rong,rong3.mp3,https://s3.amazonaws.com/media.yabla.com/chinese_static/audio/alicia/rong3.mp3,downloaded,24449,200
rong,4,rong,rong4.mp3,https://s3.amazonaws.com/media.yabla.com/chinese_static/audio/alicia/rong4.mp3,downloaded,15672,200
rou,1,rou,rou1.mp3,https://s3.amazonaws.com/media.yabla.com/chinese_static/audio/alicia/rou1.mp3,downloaded,23822,200
rou,2,rou,rou2.mp3,https://s3.amazonaws.com/media.yabla.com/chinese_static/audio/alicia/rou2.mp3,downloaded,16926,200
rou,3,rou,rou3.mp3,https://s3.amazonaws.com/media.yabla.com/chinese_static/audio/alicia/rou3.mp3,downloaded,24449,200
rou,4,rou,rou4.mp3,https://s3.amazonaws.com/media.yabla.com/chinese_static/audio/alicia/rou4.mp3,downloaded,16299,200
ru,1,ru,ru1.mp3,https://s3.amazonaws.com/media.yabla.com/chinese_static/audio/alicia/ru1.mp3,downloaded,25703,200
ru,2,ru,ru2.mp3,https://s3.amazonaws.com/media.yabla.com/chinese_static/audio/alicia/ru2.mp3,downloaded,16926,200
ru,3,ru,ru3.mp3,https://s3.amazonaws.com/media.yabla.com/chinese_static/audio/alicia/ru3.mp3,downloaded,23195,200
ru,4,ru,ru4.mp3,https://s3.amazonaws.com/media.yabla.com/chinese_static/audio/alicia/ru4.mp3,downloaded,16926,200
rua,1,rua,rua1.mp3,https://s3.amazonaws.com/media.yabla.com/chinese_static/audio/alicia/rua1.mp3,downloaded,23822,200
rua,2,rua,rua2.mp3,https://s3.amazonaws.com/media.yabla.com/chinese_static/audio/alicia/rua2.mp3,downloaded,16926,200
rua,3,rua,rua3.mp3,https://s3.amazonaws.com/media.yabla.com/chinese_static/audio/alicia/rua3.mp3,downloaded,22568,200
rua,4,rua,rua4.mp3,https://s3.amazonaws.com/media.yabla.com/chinese_static/audio/alicia/rua4.mp3,downloaded,15045,200
ruan,1,ruan,ruan1.mp3,https://s3.amazonaws.com/media.yabla.com/chinese_static/audio/alicia/ruan1.mp3,downloaded,22568,200
ruan,2,ruan,ruan2.mp3,https://s3.amazonaws.com/media.yabla.com/chinese_static/audio/alicia/ruan2.mp3,downloaded,17553,200
ruan,3,ruan,ruan3.mp3,https://s3.amazonaws.com/media.yabla.com/chinese_static/audio/alicia/ruan3.mp3,downloaded,21941,200
ruan,4,ruan,ruan4.mp3,https://s3.amazonaws.com/media.yabla.com/chinese_static/audio/alicia/ruan4.mp3,downloaded,15672,200
rui,1,rui,rui1.mp3,https://s3.amazonaws.com/media.yabla.com/chinese_static/audio/alicia/rui1.mp3,downloaded,22568,200
rui,2,rui,rui2.mp3,https://s3.amazonaws.com/media.yabla.com/chinese_static/audio/alicia/rui2.mp3,downloaded,13791,200
rui,3,rui,rui3.mp3,https://s3.amazonaws.com/media.yabla.com/chinese_static/audio/alicia/rui3.mp3,downloaded,20688,200
rui,4,rui,rui4.mp3,https://s3.amazonaws.com/media.yabla.com/chinese_static/audio/alicia/rui4.mp3,downloaded,16926,200
run,1,run,run1.mp3,https://s3.amazonaws.com/media.yabla.com/chinese_static/audio/alicia/run1.mp3,downloaded,21941,200
run,2,run,run2.mp3,https://s3.amazonaws.com/media.yabla.com/chinese_static/audio/alicia/run2.mp3,downloaded,16926,200
run,3,run,run3.mp3,https://s3.amazonaws.com/media.yabla.com/chinese_static/audio/alicia/run3.mp3,downloaded,19434,200
run,4,run,run4.mp3,https://s3.amazonaws.com/media.yabla.com/chinese_static/audio/alicia/run4.mp3,downloaded,15672,200
ruo,1,ruo,ruo1.mp3,https://s3.amazonaws.com/media.yabla.com/chinese_static/audio/alicia/ruo1.mp3,downloaded,20688,200
ruo,2,ruo,ruo2.mp3,https://s3.amazonaws.com/media.yabla.com/chinese_static/audio/alicia/ruo2.mp3,downloaded,16926,200
ruo,3,ruo,ruo3.mp3,https://s3.amazonaws.com/media.yabla.com/chinese_static/audio/alicia/ruo3.mp3,downloaded,23195,200
ruo,4,ruo,ruo4.mp3,https://s3.amazonaws.com/media.yabla.com/chinese_static/audio/alicia/ruo4.mp3,downloaded,16926,200
sa,1,sa,sa1.mp3,https://s3.amazonaws.com/media.yabla.com/chinese_static/audio/alicia/sa1.mp3,downloaded,20061,200
sa,2,sa,sa2.mp3,https://s3.amazonaws.com/media.yabla.com/chinese_static/audio/alicia/sa2.mp3,downloaded,14418,200
sa,3,sa,sa3.mp3,https://s3.amazonaws.com/media.yabla.com/chinese_static/audio/alicia/sa3.mp3,downloaded,20688,200
sa,4,sa,sa4.mp3,https://s3.amazonaws.com/media.yabla.com/chinese_static/audio/alicia/sa4.mp3,downloaded,15672,200
sai,1,sai,sai1.mp3,https://s3.amazonaws.com/media.yabla.com/chinese_static/audio/alicia/sai1.mp3,downloaded,20688,200
sai,2,sai,sai2.mp3,https://s3.amazonaws.com/media.yabla.com/chinese_static/audio/alicia/sai2.mp3,downloaded,14418,200
sai,3,sai,sai3.mp3,https://s3.amazonaws.com/media.yabla.com/chinese_static/audio/alicia/sai3.mp3,downloaded,20061,200
sai,4,sai,sai4.mp3,https://s3.amazonaws.com/media.yabla.com/chinese_static/audio/alicia/sai4.mp3,downloaded,14418,200
san,1,san,san1.mp3,https://s3.amazonaws.com/media.yabla.com/chinese_static/audio/alicia/san1.mp3,downloaded,23195,200
san,2,san,san2.mp3,https://s3.amazonaws.com/media.yabla.com/chinese_static/audio/alicia/san2.mp3,downloaded,18807,200
san,3,san,san3.mp3,https://s3.amazonaws.com/media.yabla.com/chinese_static/audio/alicia/san3.mp3,downloaded,21941,200
san,4,san,san4.mp3,https://s3.amazonaws.com/media.yabla.com/chinese_static/audio/alicia/san4.mp3,downloaded,18180,200
sang,1,sang,sang1.mp3,https://s3.amazonaws.com/media.yabla.com/chinese_static/audio/alicia/sang1.mp3,downloaded,27584,200
sang,2,sang,sang2.mp3,https://s3.amazonaws.com/media.yabla.com/chinese_static/audio/alicia/sang2.mp3,downloaded,18807,200
sang,3,sang,sang3.mp3,https://s3.amazonaws.com/media.yabla.com/chinese_static/audio/alicia/sang3.mp3,downloaded,25076,200
sang,4,sang,sang4.mp3,https://s3.amazonaws.com/media.yabla.com/chinese_static/audio/alicia/sang4.mp3,downloaded,18180,200
sao,1,sao,sao1.mp3,https://s3.amazonaws.com/media.yabla.com/chinese_static/audio/alicia/sao1.mp3,downloaded,23195,200
sao,2,sao,sao2.mp3,https://s3.amazonaws.com/media.yabla.com/chinese_static/audio/alicia/sao2.mp3,downloaded,20061,200
sao,3,sao,sao3.mp3,https://s3.amazonaws.com/media.yabla.com/chinese_static/audio/alicia/sao3.mp3,downloaded,22568,200
sao,4,sao,sao4.mp3,https://s3.amazonaws.com/media.yabla.com/chinese_static/audio/alicia/sao4.mp3,downloaded,20688,200
se,1,se,se1.mp3,https://s3.amazonaws.com/media.yabla.com/chinese_static/audio/alicia/se1.mp3,downloaded,23195,200
se,2,se,se2.mp3,https://s3.amazonaws.com/media.yabla.com/chinese_static/audio/alicia/se2.mp3,downloaded,16299,200
se,3,se,se3.mp3,https://s3.amazonaws.com/media.yabla.com/chinese_static/audio/alicia/se3.mp3,downloaded,23822,200
se,4,se,se4.mp3,https://s3.amazonaws.com/media.yabla.com/chinese_static/audio/alicia/se4.mp3,downloaded,17553,200
sen,1,sen,sen1.mp3,https://s3.amazonaws.com/media.yabla.com/chinese_static/audio/alicia/sen1.mp3,downloaded,23195,200
sen,2,sen,sen2.mp3,https://s3.amazonaws.com/media.yabla.com/chinese_static/audio/alicia/sen2.mp3,downloaded,18807,200
sen,3,sen,sen3.mp3,https://s3.amazonaws.com/media.yabla.com/chinese_static/audio/alicia/sen3.mp3,downloaded,23195,200
sen,4,sen,sen4.mp3,https://s3.amazonaws.com/media.yabla.com/chinese_static/audio/alicia/sen4.mp3,downloaded,15672,200
seng,1,seng,seng1.mp3,https://s3.amazonaws.com/media.yabla.com/chinese_static/audio/alicia/seng1.mp3,downloaded,23822,200
seng,2,seng,seng2.mp3,https://s3.amazonaws.com/media.yabla.com/chinese_static/audio/alicia/seng2.mp3,downloaded,28002,200
seng,3,seng,seng3.mp3,https://s3.amazonaws.com/media.yabla.com/chinese_static/audio/alicia/seng3.mp3,downloaded,30928,200
seng,4,seng,seng4.mp3,https://s3.amazonaws.com/media.yabla.com/chinese_static/audio/alicia/seng4.mp3,downloaded,26330,200
sha,1,sha,sha1.mp3,https://s3.amazonaws.com/media.yabla.com/chinese_static/audio/alicia/sha1.mp3,downloaded,23195,200
sha,2,sha,sha2.mp3,https://s3.amazonaws.com/media.yabla.com/chinese_static/audio/alicia/sha2.mp3,downloaded,15045,200
sha,3,sha,sha3.mp3,https://s3.amazonaws.com/media.yabla.com/chinese_static/audio/alicia/sha3.mp3,downloaded,23195,200
sha,4,sha,sha4.mp3,https://s3.amazonaws.com/media.yabla.com/chinese_static/audio/alicia/sha4.mp3,downloaded,13791,200
shai,1,shai,shai1.mp3,https://s3.amazonaws.com/media.yabla.com/chinese_static/audio/alicia/shai1.mp3,downloaded,19643,200
shai,2,shai,shai2.mp3,https://s3.amazonaws.com/media.yabla.com/chinese_static/audio/alicia/shai2.mp3,downloaded,16717,200
shai,3,shai,shai3.mp3,https://s3.amazonaws.com/media.yabla.com/chinese_static/audio/alicia/shai3.mp3,downloaded,22568,200
shai,4,shai,shai4.mp3,https://s3.amazonaws.com/media.yabla.com/chinese_static/audio/alicia/shai4.mp3,downloaded,17135,200
shan,1,shan,shan1.mp3,https://s3.amazonaws.com/media.yabla.com/chinese_static/audio/alicia/shan1.mp3,downloaded,24449,200
shan,2,shan,shan2.mp3,https://s3.amazonaws.com/media.yabla.com/chinese_static/audio/alicia/shan2.mp3,downloaded,18180,200
shan,3,shan,shan3.mp3,https://s3.amazonaws.com/media.yabla.com/chinese_static/audio/alicia/shan3.mp3,downloaded,22568,200
shan,4,shan,shan4.mp3,https://s3.amazonaws.com/media.yabla.com/chinese_static/audio/alicia/shan4.mp3,downloaded,19434,200
shang,1,shang,shang1.mp3,https://s3.amazonaws.com/media.yabla.com/chinese_static/audio/alicia/shang1.mp3,downloaded,23822,200
shang,2,shang,shang2.mp3,https://s3.amazonaws.com/media.yabla.com/chinese_static/audio/alicia/shang2.mp3,downloaded,18180,200
shang,3,shang,shang3.mp3,https://s3.amazonaws.com/media.yabla.com/chinese_static/audio/alicia/shang3.mp3,downloaded,22568,200
shang,4,shang,shang4.mp3,https://s3.amazonaws.com/media.yabla.com/chinese_static/audio/alicia/shang4.mp3,downloaded,16926,200
shao,1,shao,shao1.mp3,https://s3.amazonaws.com/media.yabla.com/chinese_static/audio/alicia/shao1.mp3,downloaded,21941,200
shao,2,shao,shao2.mp3,https://s3.amazonaws.com/media.yabla.com/chinese_static/audio/alicia/shao2.mp3,downloaded,18180,200
shao,3,shao,shao3.mp3,https://s3.amazonaws.com/media.yabla.com/chinese_static/audio/alicia/shao3.mp3,downloaded,20688,200
shao,4,shao,shao4.mp3,https://s3.amazonaws.com/media.yabla.com/chinese_static/audio/alicia/shao4.mp3,downloaded,17553,200
she,1,she,she1.mp3,https://s3.amazonaws.com/media.yabla.com/chinese_static/audio/alicia/she1.mp3,downloaded,26330,200
she,2,she,she2.mp3,https://s3.amazonaws.com/media.yabla.com/chinese_static/audio/alicia/she2.mp3,downloaded,18180,200
she,3,she,she3.mp3,https://s3.amazonaws.com/media.yabla.com/chinese_static/audio/alicia/she3.mp3,downloaded,26957,200
she,4,she,she4.mp3,https://s3.amazonaws.com/media.yabla.com/chinese_static/audio/alicia/she4.mp3,downloaded,13164,200
shei,1,shei,shei1.mp3,https://s3.amazonaws.com/media.yabla.com/chinese_static/audio/alicia/shei1.mp3,downloaded,23822,200
shei,2,shei,shei2.mp3,https://s3.amazonaws.com/media.yabla.com/chinese_static/audio/alicia/shei2.mp3,downloaded,20061,200
shei,3,shei,shei3.mp3,https://s3.amazonaws.com/media.yabla.com/chinese_static/audio/alicia/shei3.mp3,downloaded,25703,200
shei,4,shei,shei4.mp3,https://s3.amazonaws.com/media.yabla.com/chinese_static/audio/alicia/shei4.mp3,downloaded,15045,200
shen,1,shen,shen1.mp3,https://s3.amazonaws.com/media.yabla.com/chinese_static/audio/alicia/shen1.mp3,downloaded,21315,200
shen,2,shen,shen2.mp3,https://s3.amazonaws.com/media.yabla.com/chinese_static/audio/alicia/shen2.mp3,downloaded,15045,200
shen,3,shen,shen3.mp3,https://s3.amazonaws.com/media.yabla.com/chinese_static/audio/alicia/shen3.mp3,downloaded,20688,200
shen,4,shen,shen4.mp3,https://s3.amazonaws.com/media.yabla.com/chinese_static/audio/alicia/shen4.mp3,downloaded,15045,200
sheng,1,sheng,sheng1.mp3,https://s3.amazonaws.com/media.yabla.com/chinese_static/audio/alicia/sheng1.mp3,downloaded,22986,200
sheng,2,sheng,sheng2.mp3,https://s3.amazonaws.com/media.yabla.com/chinese_static/audio/alicia/sheng2.mp3,downloaded,27584,200
sheng,3,sheng,sheng3.mp3,https://s3.amazonaws.com/media.yabla.com/chinese_static/audio/alicia/sheng3.mp3,downloaded,28838,200
sheng,4,sheng,sheng4.mp3,https://s3.amazonaws.com/media.yabla.com/chinese_static/audio/alicia/sheng4.mp3,downloaded,25494,200
shi,1,shi,shi1.mp3,https://s3.amazonaws.com/media.yabla.com/chinese_static/audio/alicia/shi1.mp3,downloaded,20688,200
shi,2,shi,shi2.mp3,https://s3.amazonaws.com/media.yabla.com/chinese_static/audio/alicia/shi2.mp3,downloaded,15672,200
shi,3,shi,shi3.mp3,https://s3.amazonaws.com/media.yabla.com/chinese_static/audio/alicia/shi3.mp3,downloaded,23822,200
shi,4,shi,shi4.mp3,https://s3.amazonaws.com/media.yabla.com/chinese_static/audio/alicia/shi4.mp3,downloaded,15672,200
shou,1,shou,shou1.mp3,https://s3.amazonaws.com/media.yabla.com/chinese_static/audio/alicia/shou1.mp3,downloaded,25076,200
shou,2,shou,shou2.mp3,https://s3.amazonaws.com/media.yabla.com/chinese_static/audio/alicia/shou2.mp3,downloaded,19434,200
shou,3,shou,shou3.mp3,https://s3.amazonaws.com/media.yabla.com/chinese_static/audio/alicia/shou3.mp3,downloaded,26330,200
shou,4,shou,shou4.mp3,https://s3.amazonaws.com/media.yabla.com/chinese_static/audio/alicia/shou4.mp3,downloaded,15672,200
shu,1,shu,shu1.mp3,https://s3.amazonaws.com/media.yabla.com/chinese_static/audio/alicia/shu1.mp3,downloaded,25076,200
shu,2,shu,shu2.mp3,https://s3.amazonaws.com/media.yabla.com/chinese_static/audio/alicia/shu2.mp3,downloaded,17553,200
shu,3,shu,shu3.mp3,https://s3.amazonaws.com/media.yabla.com/chinese_static/audio/alicia/shu3.mp3,downloaded,24449,200
shu,4,shu,shu4.mp3,https://s3.amazonaws.com/media.yabla.com/chinese_static/audio/alicia/shu4.mp3,downloaded,15045,200
shua,1,shua,shua1.mp3,https://s3.amazonaws.com/media.yabla.com/chinese_static/audio/alicia/shua1.mp3,downloaded,24449,200
shua,2,shua,shua2.mp3,https://s3.amazonaws.com/media.yabla.com/chinese_static/audio/alicia/shua2.mp3,downloaded,20061,200
shua,3,shua,shua3.mp3,https://s3.amazonaws.com/media.yabla.com/chinese_static/audio/alicia/shua3.mp3,downloaded,25076,200
shua,4,shua,shua4.mp3,https://s3.amazonaws.com/media.yabla.com/chinese_static/audio/alicia/shua4.mp3,downloaded,16299,200
shuai,1,shuai,shuai1.mp3,https://s3.amazonaws.com/media.yabla.com/chinese_static/audio/alicia/shuai1.mp3,downloaded,24449,200
shuai,2,shuai,shuai2.mp3,https://s3.amazonaws.com/media.yabla.com/chinese_static/audio/alicia/shuai2.mp3,downloaded,15672,200
shuai,3,shuai,shuai3.mp3,https://s3.amazonaws.com/media.yabla.com/chinese_static/audio/alicia/shuai3.mp3,downloaded,23195,200
shuai,4,shuai,shuai4.mp3,https://s3.amazonaws.com/media.yabla.com/chinese_static/audio/alicia/shuai4.mp3,downloaded,16299,200
shuan,1,shuan,shuan1.mp3,https://s3.amazonaws.com/media.yabla.com/chinese_static/audio/alicia/shuan1.mp3,downloaded,23822,200
shuan,2,shuan,shuan2.mp3,https://s3.amazonaws.com/media.yabla.com/chinese_static/audio/alicia/shuan2.mp3,downloaded,17553,200
shuan,3,shuan,shuan3.mp3,https://s3.amazonaws.com/media.yabla.com/chinese_static/audio/alicia/shuan3.mp3,downloaded,23822,200
shuan,4,shuan,shuan4.mp3,https://s3.amazonaws.com/media.yabla.com/chinese_static/audio/alicia/shuan4.mp3,downloaded,16926,200
shuang,1,shuang,shuang1.mp3,https://s3.amazonaws.com/media.yabla.com/chinese_static/audio/alicia/shuang1.mp3,downloaded,26957,200
shuang,2,shuang,shuang2.mp3,https://s3.amazonaws.com/media.yabla.com/chinese_static/audio/alicia/shuang2.mp3,downloaded,17553,200
shuang,3,shuang,shuang3.mp3,https://s3.amazonaws.com/media.yabla.com/chinese_static/audio/alicia/shuang3.mp3,downloaded,24449,200
shuang,4,shuang,shuang4.mp3,https://s3.amazonaws.com/media.yabla.com/chinese_static/audio/alicia/shuang4.mp3,downloaded,15672,200
shui,1,shui,shui1.mp3,https://s3.amazonaws.com/media.yabla.com/chinese_static/audio/alicia/shui1.mp3,downloaded,21941,200
shui,2,shui,shui2.mp3,https://s3.amazonaws.com/media.yabla.com/chinese_static/audio/alicia/shui2.mp3,downloaded,16926,200
shui,3,shui,shui3.mp3,https://s3.amazonaws.com/media.yabla.com/chinese_static/audio/alicia/shui3.mp3,downloaded,24449,200
shui,4,shui,shui4.mp3,https://s3.amazonaws.com/media.yabla.com/chinese_static/audio/alicia/shui4.mp3,downloaded,16926,200
shun,1,shun,shun1.mp3,https://s3.amazonaws.com/media.yabla.com/chinese_static/audio/alicia/shun1.mp3,downloaded,18807,200
shun,2,shun,shun2.mp3,https://s3.amazonaws.com/media.yabla.com/chinese_static/audio/alicia/shun2.mp3,downloaded,16299,200
shun,3,shun,shun3.mp3,https://s3.amazonaws.com/media.yabla.com/chinese_static/audio/alicia/shun3.mp3,downloaded,21941,200
shun,4,shun,shun4.mp3,https://s3.amazonaws.com/media.yabla.com/chinese_static/audio/alicia/shun4.mp3,downloaded,16926,200
shuo,1,shuo,shuo1.mp3,https://s3.amazonaws.com/media.yabla.com/chinese_static/audio/alicia/shuo1.mp3,downloaded,23195,200
shuo,2,shuo,shuo2.mp3,https://s3.amazonaws.com/media.yabla.com/chinese_static/audio/alicia/shuo2.mp3,downloaded,18807,200
shuo,3,shuo,shuo3.mp3,https://s3.amazonaws.com/media.yabla.com/chinese_static/audio/alicia/shuo3.mp3,downloaded,22568,200
shuo,4,shuo,shuo4.mp3,https://s3.amazonaws.com/media.yabla.com/chinese_static/audio/alicia/shuo4.mp3,downloaded,15672,200
si,1,si,si1.mp3,https://s3.amazonaws.com/media.yabla.com/chinese_static/audio/alicia/si1.mp3,downloaded,21315,200
si,2,si,si2.mp3,https://s3.amazonaws.com/media.yabla.com/chinese_static/audio/alicia/si2.mp3,downloaded,15672,200
si,3,si,si3.mp3,https://s3.amazonaws.com/media.yabla.com/chinese_static/audio/alicia/si3.mp3,downloaded,23822,200
si,4,si,si4.mp3,https://s3.amazonaws.com/media.yabla.com/chinese_static/audio/alicia/si4.mp3,downloaded,19434,200
song,1,song,song1.mp3,https://s3.amazonaws.com/media.yabla.com/chinese_static/audio/alicia/song1.mp3,downloaded,25076,200
song,2,song,song2.mp3,https://s3.amazonaws.com/media.yabla.com/chinese_static/audio/alicia/song2.mp3,downloaded,18807,200
song,3,song,song3.mp3,https://s3.amazonaws.com/media.yabla.com/chinese_static/audio/alicia/song3.mp3,downloaded,22568,200
song,4,song,song4.mp3,https://s3.amazonaws.com/media.yabla.com/chinese_static/audio/alicia/song4.mp3,downloaded,16299,200
sou,1,sou,sou1.mp3,https://s3.amazonaws.com/media.yabla.com/chinese_static/audio/alicia/sou1.mp3,downloaded,23822,200
sou,2,sou,sou2.mp3,https://s3.amazonaws.com/media.yabla.com/chinese_static/audio/alicia/sou2.mp3,downloaded,18807,200
sou,3,sou,sou3.mp3,https://s3.amazonaws.com/media.yabla.com/chinese_static/audio/alicia/sou3.mp3,downloaded,26957,200
sou,4,sou,sou4.mp3,https://s3.amazonaws.com/media.yabla.com/chinese_static/audio/alicia/sou4.mp3,downloaded,18807,200
su,1,su,su1.mp3,https://s3.amazonaws.com/media.yabla.com/chinese_static/audio/alicia/su1.mp3,downloaded,21941,200
su,2,su,su2.mp3,https://s3.amazonaws.com/media.yabla.com/chinese_static/audio/alicia/su2.mp3,downloaded,19434,200
su,3,su,su3.mp3,https://s3.amazonaws.com/media.yabla.com/chinese_static/audio/alicia/su3.mp3,downloaded,23822,200
su,4,su,su4.mp3,https://s3.amazonaws.com/media.yabla.com/chinese_static/audio/alicia/su4.mp3,downloaded,17553,200
suan,1,suan,suan1.mp3,https://s3.amazonaws.com/media.yabla.com/chinese_static/audio/alicia/suan1.mp3,downloaded,22568,200
suan,2,suan,suan2.mp3,https://s3.amazonaws.com/media.yabla.com/chinese_static/audio/alicia/suan2.mp3,downloaded,18180,200
suan,3,suan,suan3.mp3,https://s3.amazonaws.com/media.yabla.com/chinese_static/audio/alicia/suan3.mp3,downloaded,21941,200
suan,4,suan,suan4.mp3,https://s3.amazonaws.com/media.yabla.com/chinese_static/audio/alicia/suan4.mp3,downloaded,16299,200
sui,1,sui,sui1.mp3,https://s3.amazonaws.com/media.yabla.com/chinese_static/audio/alicia/sui1.mp3,downloaded,22568,200
sui,2,sui,sui2.mp3,https://s3.amazonaws.com/media.yabla.com/chinese_static/audio/alicia/sui2.mp3,downloaded,18180,200
sui,3,sui,sui3.mp3,https://s3.amazonaws.com/media.yabla.com/chinese_static/audio/alicia/sui3.mp3,downloaded,23822,200
sui,4,sui,sui4.mp3,https://s3.amazonaws.com/media.yabla.com/chinese_static/audio/alicia/sui4.mp3,downloaded,18807,200
sun,1,sun,sun1.mp3,https://s3.amazonaws.com/media.yabla.com/chinese_static/audio/alicia/sun1.mp3,downloaded,21941,200
sun,2,sun,sun2.mp3,https://s3.amazonaws.com/media.yabla.com/chinese_static/audio/alicia/sun2.mp3,downloaded,16299,200
sun,3,sun,sun3.mp3,https://s3.amazonaws.com/media.yabla.com/chinese_static/audio/alicia/sun3.mp3,downloaded,23822,200
sun,4,sun,sun4.mp3,https://s3.amazonaws.com/media.yabla.com/chinese_static/audio/alicia/sun4.mp3,downloaded,17553,200
suo,1,suo,suo1.mp3,https://s3.amazonaws.com/media.yabla.com/chinese_static/audio/alicia/suo1.mp3,downloaded,20688,200
suo,2,suo,suo2.mp3,https://s3.amazonaws.com/media.yabla.com/chinese_static/audio/alicia/suo2.mp3,downloaded,16926,200
suo,3,suo,suo3.mp3,https://s3.amazonaws.com/media.yabla.com/chinese_static/audio/alicia/suo3.mp3,downloaded,23195,200
suo,4,suo,suo4.mp3,https://s3.amazonaws.com/media.yabla.com/chinese_static/audio/alicia/suo4.mp3,downloaded,18180,200
ta,1,ta,ta1.mp3,https://s3.amazonaws.com/media.yabla.com/chinese_static/audio/alicia/ta1.mp3,downloaded,16926,200
ta,2,ta,ta2.mp3,https://s3.amazonaws.com/media.yabla.com/chinese_static/audio/alicia/ta2.mp3,downloaded,11284,200
ta,3,ta,ta3.mp3,https://s3.amazonaws.com/media.yabla.com/chinese_static/audio/alicia/ta3.mp3,downloaded,18180,200
ta,4,ta,ta4.mp3,https://s3.amazonaws.com/media.yabla.com/chinese_static/audio/alicia/ta4.mp3,downloaded,10030,200
tai,1,tai,tai1.mp3,https://s3.amazonaws.com/media.yabla.com/chinese_static/audio/alicia/tai1.mp3,downloaded,18180,200
tai,2,tai,tai2.mp3,https://s3.amazonaws.com/media.yabla.com/chinese_static/audio/alicia/tai2.mp3,downloaded,11284,200
tai,3,tai,tai3.mp3,https://s3.amazonaws.com/media.yabla.com/chinese_static/audio/alicia/tai3.mp3,downloaded,18807,200
tai,4,tai,tai4.mp3,https://s3.amazonaws.com/media.yabla.com/chinese_static/audio/alicia/tai4.mp3,downloaded,11284,200
tan,1,tan,tan1.mp3,https://s3.amazonaws.com/media.yabla.com/chinese_static/audio/alicia/tan1.mp3,downloaded,20688,200
tan,2,tan,tan2.mp3,https://s3.amazonaws.com/media.yabla.com/chinese_static/audio/alicia/tan2.mp3,downloaded,15672,200
tan,3,tan,tan3.mp3,https://s3.amazonaws.com/media.yabla.com/chinese_static/audio/alicia/tan3.mp3,downloaded,20688,200
tan,4,tan,tan4.mp3,https://s3.amazonaws.com/media.yabla.com/chinese_static/audio/alicia/tan4.mp3,downloaded,14418,200
tang,1,tang,tang1.mp3,https://s3.amazonaws.com/media.yabla.com/chinese_static/audio/alicia/tang1.mp3,downloaded,22568,200
tang,2,tang,tang2.mp3,https://s3.amazonaws.com/media.yabla.com/chinese_static/audio/alicia/tang2.mp3,downloaded,20061,200
tang,3,tang,tang3.mp3,https://s3.amazonaws.com/media.yabla.com/chinese_static/audio/alicia/tang3.mp3,downloaded,22568,200
tang,4,tang,tang4.mp3,https://s3.amazonaws.com/media.yabla.com/chinese_static/audio/alicia/tang4.mp3,downloaded,18180,200
tao,1,tao,tao1.mp3,https://s3.amazonaws.com/media.yabla.com/chinese_static/audio/alicia/tao1.mp3,downloaded,21941,200
tao,2,tao,tao2.mp3,https://s3.amazonaws.com/media.yabla.com/chinese_static/audio/alicia/tao2.mp3,downloaded,15045,200
tao,3,tao,tao3.mp3,https://s3.amazonaws.com/media.yabla.com/chinese_static/audio/alicia/tao3.mp3,downloaded,20061,200
tao,4,tao,tao4.mp3,https://s3.amazonaws.com/media.yabla.com/chinese_static/audio/alicia/tao4.mp3,downloaded,16299,200
te,1,te,te1.mp3,https://s3.amazonaws.com/media.yabla.com/chinese_static/audio/alicia/te1.mp3,downloaded,19434,200
te,2,te,te2.mp3,https://s3.amazonaws.com/media.yabla.com/chinese_static/audio/alicia/te2.mp3,downloaded,14418,200
te,3,te,te3.mp3,https://s3.amazonaws.com/media.yabla.com/chinese_static/audio/alicia/te3.mp3,downloaded,18180,200
te,4,te,te4.mp3,https://s3.amazonaws.com/media.yabla.com/chinese_static/audio/alicia/te4.mp3,downloaded,13164,200
tei,1,tei,tei1.mp3,https://s3.amazonaws.com/media.yabla.com/chinese_static/audio/alicia/tei1.mp3,downloaded,24240,200
tei,2,tei,tei2.mp3,https://s3.amazonaws.com/media.yabla.com/chinese_static/audio/alicia/tei2.mp3,downloaded,24240,200
tei,3,tei,tei3.mp3,https://s3.amazonaws.com/media.yabla.com/chinese_static/audio/alicia/tei3.mp3,downloaded,27584,200
tei,4,tei,tei4.mp3,https://s3.amazonaws.com/media.yabla.com/chinese_static/audio/alicia/tei4.mp3,downloaded,24658,200
teng,1,teng,teng1.mp3,https://s3.amazonaws.com/media.yabla.com/chinese_static/audio/alicia/teng1.mp3,downloaded,22568,200
teng,2,teng,teng2.mp3,https://s3.amazonaws.com/media.yabla.com/chinese_static/audio/alicia/teng2.mp3,downloaded,22986,200
teng,3,teng,teng3.mp3,https://s3.amazonaws.com/media.yabla.com/chinese_static/audio/alicia/teng3.mp3,downloaded,30928,200
teng,4,teng,teng4.mp3,https://s3.amazonaws.com/media.yabla.com/chinese_static/audio/alicia/teng4.mp3,downloaded,25494,200
ti,1,ti,ti1.mp3,https://s3.amazonaws.com/media.yabla.com/chinese_static/audio/alicia/ti1.mp3,downloaded,20688,200
ti,2,ti,ti2.mp3,https://s3.amazonaws.com/media.yabla.com/chinese_static/audio/alicia/ti2.mp3,downloaded,13164,200
ti,3,ti,ti3.mp3,https://s3.amazonaws.com/media.yabla.com/chinese_static/audio/alicia/ti3.mp3,downloaded,21941,200
ti,4,ti,ti4.mp3,https://s3.amazonaws.com/media.yabla.com/chinese_static/audio/alicia/ti4.mp3,downloaded,11910,200
tian,1,tian,tian1.mp3,https://s3.amazonaws.com/media.yabla.com/chinese_static/audio/alicia/tian1.mp3,downloaded,22568,200
tian,2,tian,tian2.mp3,https://s3.amazonaws.com/media.yabla.com/chinese_static/audio/alicia/tian2.mp3,downloaded,16299,200
tian,3,tian,tian3.mp3,https://s3.amazonaws.com/media.yabla.com/chinese_static/audio/alicia/tian3.mp3,downloaded,19434,200
tian,4,tian,tian4.mp3,https://s3.amazonaws.com/media.yabla.com/chinese_static/audio/alicia/tian4.mp3,downloaded,14418,200
tiao,1,tiao,tiao1.mp3,https://s3.amazonaws.com/media.yabla.com/chinese_static/audio/alicia/tiao1.mp3,downloaded,24449,200
tiao,2,tiao,tiao2.mp3,https://s3.amazonaws.com/media.yabla.com/chinese_static/audio/alicia/tiao2.mp3,downloaded,15672,200
tiao,3,tiao,tiao3.mp3,https://s3.amazonaws.com/media.yabla.com/chinese_static/audio/alicia/tiao3.mp3,downloaded,24449,200
tiao,4,tiao,tiao4.mp3,https://s3.amazonaws.com/media.yabla.com/chinese_static/audio/alicia/tiao4.mp3,downloaded,16299,200
tie,1,tie,tie1.mp3,https://s3.amazonaws.com/media.yabla.com/chinese_static/audio/alicia/tie1.mp3,downloaded,20061,200
tie,2,tie,tie2.mp3,https://s3.amazonaws.com/media.yabla.com/chinese_static/audio/alicia/tie2.mp3,downloaded,15672,200
tie,3,tie,tie3.mp3,https://s3.amazonaws.com/media.yabla.com/chinese_static/audio/alicia/tie3.mp3,downloaded,21941,200
tie,4,tie,tie4.mp3,https://s3.amazonaws.com/media.yabla.com/chinese_static/audio/alicia/tie4.mp3,downloaded,15672,200
ting,1,ting,ting1.mp3,https://s3.amazonaws.com/media.yabla.com/chinese_static/audio/alicia/ting1.mp3,downloaded,23822,200
ting,2,ting,ting2.mp3,https://s3.amazonaws.com/media.yabla.com/chinese_static/audio/alicia/ting2.mp3,downloaded,16926,200
ting,3,ting,ting3.mp3,https://s3.amazonaws.com/media.yabla.com/chinese_static/audio/alicia/ting3.mp3,downloaded,23195,200
ting,4,ting,ting4.mp3,https://s3.amazonaws.com/media.yabla.com/chinese_static/audio/alicia/ting4.mp3,downloaded,16926,200
tong,1,tong,tong1.mp3,https://s3.amazonaws.com/media.yabla.com/chinese_static/audio/alicia/tong1.mp3,downloaded,22568,200
tong,2,tong,tong2.mp3,https://s3.amazonaws.com/media.yabla.com/chinese_static/audio/alicia/tong2.mp3,downloaded,15672,200
tong,3,tong,tong3.mp3,https://s3.amazonaws.com/media.yabla.com/chinese_static/audio/alicia/tong3.mp3,downloaded,23195,200
tong,4,tong,tong4.mp3,https://s3.amazonaws.com/media.yabla.com/chinese_static/audio/alicia/tong4.mp3,downloaded,14418,200
tou,1,tou,tou1.mp3,https://s3.amazonaws.com/media.yabla.com/chinese_static/audio/alicia/tou1.mp3,downloaded,22568,200
tou,2,tou,tou2.mp3,https://s3.amazonaws.com/media.yabla.com/chinese_static/audio/alicia/tou2.mp3,downloaded,16299,200
tou,3,tou,tou3.mp3,https://s3.amazonaws.com/media.yabla.com/chinese_static/audio/alicia/tou3.mp3,downloaded,20688,200
tou,4,tou,tou4.mp3,https://s3.amazonaws.com/media.yabla.com/chinese_static/audio/alicia/tou4.mp3,downloaded,16926,200
tu,1,tu,tu1.mp3,https://s3.amazonaws.com/media.yabla.com/chinese_static/audio/alicia/tu1.mp3,downloaded,19434,200
tu,2,tu,tu2.mp3,https://s3.amazonaws.com/media.yabla.com/chinese_static/audio/alicia/tu2.mp3,downloaded,15672,200
tu,3,tu,tu3.mp3,https://s3.amazonaws.com/media.yabla.com/chinese_static/audio/alicia/tu3.mp3,downloaded,21315,200
tu,4,tu,tu4.mp3,https://s3.amazonaws.com/media.yabla.com/chinese_static/audio/alicia/tu4.mp3,downloaded,16926,200
tuan,1,tuan,tuan1.mp3,https://s3.amazonaws.com/media.yabla.com/chinese_static/audio/alicia/tuan1.mp3,downloaded,23822,200
tuan,2,tuan,tuan2.mp3,https://s3.amazonaws.com/media.yabla.com/chinese_static/audio/alicia/tuan2.mp3,downloaded,16926,200
tuan,3,tuan,tuan3.mp3,https://s3.amazonaws.com/media.yabla.com/chinese_static/audio/alicia/tuan3.mp3,downloaded,20061,200
tuan,4,tuan,tuan4.mp3,https://s3.amazonaws.com/media.yabla.com/chinese_static/audio/alicia/tuan4.mp3,downloaded,15672,200
tui,1,tui,tui1.mp3,https://s3.amazonaws.com/media.yabla.com/chinese_static/audio/alicia/tui1.mp3,downloaded,20688,200
tui,2,tui,tui2.mp3,https://s3.amazonaws.com/media.yabla.com/chinese_static/audio/alicia/tui2.mp3,downloaded,14418,200
tui,3,tui,tui3.mp3,https://s3.amazonaws.com/media.yabla.com/chinese_static/audio/alicia/tui3.mp3,downloaded,21315,200
tui,4,tui,tui4.mp3,https://s3.amazonaws.com/media.yabla.com/chinese_static/audio/alicia/tui4.mp3,downloaded,13164,200
tun,1,tun,tun1.mp3,https://s3.amazonaws.com/media.yabla.com/chinese_static/audio/alicia/tun1.mp3,downloaded,23822,200
tun,2,tun,tun2.mp3,https://s3.amazonaws.com/media.yabla.com/chinese_static/audio/alicia/tun2.mp3,downloaded,16299,200
tun,3,tun,tun3.mp3,https://s3.amazonaws.com/media.yabla.com/chinese_static/audio/alicia/tun3.mp3,downloaded,23195,200
tun,4,tun,tun4.mp3,https://s3.amazonaws.com/media.yabla.com/chinese_static/audio/alicia/tun4.mp3,downloaded,16926,200
tuo,1,tuo,tuo1.mp3,https://s3.amazonaws.com/media.yabla.com/chinese_static/audio/alicia/tuo1.mp3,downloaded,21315,200
tuo,2,tuo,tuo2.mp3,https://s3.amazonaws.com/media.yabla.com/chinese_static/audio/alicia/tuo2.mp3,downloaded,16926,200
tuo,3,tuo,tuo3.mp3,https://s3.amazonaws.com/media.yabla.com/chinese_static/audio/alicia/tuo3.mp3,downloaded,22568,200
tuo,4,tuo,tuo4.mp3,https://s3.amazonaws.com/media.yabla.com/chinese_static/audio/alicia/tuo4.mp3,downloaded,14418,200
wa,1,wa,wa1.mp3,https://s3.amazonaws.com/media.yabla.com/chinese_static/audio/alicia/wa1.mp3,downloaded,21941,200
wa,2,wa,wa2.mp3,https://s3.amazonaws.com/media.yabla.com/chinese_static/audio/alicia/wa2.mp3,downloaded,14418,200
wa,3,wa,wa3.mp3,https://s3.amazonaws.com/media.yabla.com/chinese_static/audio/alicia/wa3.mp3,downloaded,21315,200
wa,4,wa,wa4.mp3,https://s3.amazonaws.com/media.yabla.com/chinese_static/audio/alicia/wa4.mp3,downloaded,14418,200
wai,1,wai,wai1.mp3,https://s3.amazonaws.com/media.yabla.com/chinese_static/audio/alicia/wai1.mp3,downloaded,26957,200
wai,2,wai,wai2.mp3,https://s3.amazonaws.com/media.yabla.com/chinese_static/audio/alicia/wai2.mp3,downloaded,16299,200
wai,3,wai,wai3.mp3,https://s3.amazonaws.com/media.yabla.com/chinese_static/audio/alicia/wai3.mp3,downloaded,19434,200
wai,4,wai,wai4.mp3,https://s3.amazonaws.com/media.yabla.com/chinese_static/audio/alicia/wai4.mp3,downloaded,16299,200
wan,1,wan,wan1.mp3,https://s3.amazonaws.com/media.yabla.com/chinese_static/audio/alicia/wan1.mp3,downloaded,21941,200
wan,2,wan,wan2.mp3,https://s3.amazonaws.com/media.yabla.com/chinese_static/audio/alicia/wan2.mp3,downloaded,14418,200
wan,3,wan,wan3.mp3,https://s3.amazonaws.com/media.yabla.com/chinese_static/audio/alicia/wan3.mp3,downloaded,18180,200
wan,4,wan,wan4.mp3,https://s3.amazonaws.com/media.yabla.com/chinese_static/audio/alicia/wan4.mp3,downloaded,13164,200
wang,1,wang,wang1.mp3,https://s3.amazonaws.com/media.yabla.com/chinese_static/audio/alicia/wang1.mp3,downloaded,23195,200
wang,2,wang,wang2.mp3,https://s3.amazonaws.com/media.yabla.com/chinese_static/audio/alicia/wang2.mp3,downloaded,17553,200
wang,3,wang,wang3.mp3,https://s3.amazonaws.com/media.yabla.com/chinese_static/audio/alicia/wang3.mp3,downloaded,21941,200
wang,4,wang,wang4.mp3,https://s3.amazonaws.com/media.yabla.com/chinese_static/audio/alicia/wang4.mp3,downloaded,14418,200
wei,1,wei,wei1.mp3,https://s3.amazonaws.com/media.yabla.com/chinese_static/audio/alicia/wei1.mp3,downloaded,20061,200
wei,2,wei,wei2.mp3,https://s3.amazonaws.com/media.yabla.com/chinese_static/audio/alicia/wei2.mp3,downloaded,13791,200
wei,3,wei,wei3.mp3,https://s3.amazonaws.com/media.yabla.com/chinese_static/audio/alicia/wei3.mp3,downloaded,19434,200
wei,4,wei,wei4.mp3,https://s3.amazonaws.com/media.yabla.com/chinese_static/audio/alicia/wei4.mp3,downloaded,15045,200
wen,1,wen,wen1.mp3,https://s3.amazonaws.com/media.yabla.com/chinese_static/audio/alicia/wen1.mp3,downloaded,20061,200
wen,2,wen,wen2.mp3,https://s3.amazonaws.com/media.yabla.com/chinese_static/audio/alicia/wen2.mp3,downloaded,16299,200
wen,3,wen,wen3.mp3,https://s3.amazonaws.com/media.yabla.com/chinese_static/audio/alicia/wen3.mp3,downloaded,23822,200
wen,4,wen,wen4.mp3,https://s3.amazonaws.com/media.yabla.com/chinese_static/audio/alicia/wen4.mp3,downloaded,16299,200
weng,1,weng,weng1.mp3,https://s3.amazonaws.com/media.yabla.com/chinese_static/audio/alicia/weng1.mp3,downloaded,28838,200
weng,2,weng,weng2.mp3,https://s3.amazonaws.com/media.yabla.com/chinese_static/audio/alicia/weng2.mp3,downloaded,17553,200
weng,3,weng,weng3.mp3,https://s3.amazonaws.com/media.yabla.com/chinese_static/audio/alicia/weng3.mp3,downloaded,24449,200
weng,4,weng,weng4.mp3,https://s3.amazonaws.com/media.yabla.com/chinese_static/audio/alicia/weng4.mp3,downloaded,13791,200
wo,1,wo,wo1.mp3,https://s3.amazonaws.com/media.yabla.com/chinese_static/audio/alicia/wo1.mp3,downloaded,21941,200
wo,2,wo,wo2.mp3,https://s3.amazonaws.com/media.yabla.com/chinese_static/audio/alicia/wo2.mp3,downloaded,19434,200
wo,3,wo,wo3.mp3,https://s3.amazonaws.com/media.yabla.com/chinese_static/audio/alicia/wo3.mp3,downloaded,23822,200
wo,4,wo,wo4.mp3,https://s3.amazonaws.com/media.yabla.com/chinese_static/audio/alicia/wo4.mp3,downloaded,15045,200
wu,1,wu,wu1.mp3,https://s3.amazonaws.com/media.yabla.com/chinese_static/audio/alicia/wu1.mp3,downloaded,18807,200
wu,2,wu,wu2.mp3,https://s3.amazonaws.com/media.yabla.com/chinese_static/audio/alicia/wu2.mp3,downloaded,13791,200
wu,3,wu,wu3.mp3,https://s3.amazonaws.com/media.yabla.com/chinese_static/audio/alicia/wu3.mp3,downloaded,19434,200
wu,4,wu,wu4.mp3,https://s3.amazonaws.com/media.yabla.com/chinese_static/audio/alicia/wu4.mp3,downloaded,13791,200
xi,1,xi,xi1.mp3,https://s3.amazonaws.com/media.yabla.com/chinese_static/audio/alicia/xi1.mp3,downloaded,21941,200
xi,2,xi,xi2.mp3,https://s3.amazonaws.com/media.yabla.com/chinese_static/audio/alicia/xi2.mp3,downloaded,15672,200
xi,3,xi,xi3.mp3,https://s3.amazonaws.com/media.yabla.com/chinese_static/audio/alicia/xi3.mp3,downloaded,23195,200
xi,4,xi,xi4.mp3,https://s3.amazonaws.com/media.yabla.com/chinese_static/audio/alicia/xi4.mp3,downloaded,15045,200
xia,1,xia,xia1.mp3,https://s3.amazonaws.com/media.yabla.com/chinese_static/audio/alicia/xia1.mp3,downloaded,22568,200
xia,2,xia,xia2.mp3,https://s3.amazonaws.com/media.yabla.com/chinese_static/audio/alicia/xia2.mp3,downloaded,16926,200
xia,3,xia,xia3.mp3,https://s3.amazonaws.com/media.yabla.com/chinese_static/audio/alicia/xia3.mp3,downloaded,22568,200
xia,4,xia,xia4.mp3,https://s3.amazonaws.com/media.yabla.com/chinese_static/audio/alicia/xia4.mp3,downloaded,15672,200
xian,1,xian,xian1.mp3,https://s3.amazonaws.com/media.yabla.com/chinese_static/audio/alicia/xian1.mp3,downloaded,20688,200
xian,2,xian,xian2.mp3,https://s3.amazonaws.com/media.yabla.com/chinese_static/audio/alicia/xian2.mp3,downloaded,16299,200
xian,3,xian,xian3.mp3,https://s3.amazonaws.com/media.yabla.com/chinese_static/audio/alicia/xian3.mp3,downloaded,22568,200
xian,4,xian,xian4.mp3,https://s3.amazonaws.com/media.yabla.com/chinese_static/audio/alicia/xian4.mp3,downloaded,15045,200
xiang,1,xiang,xiang1.mp3,https://s3.amazonaws.com/media.yabla.com/chinese_static/audio/alicia/xiang1.mp3,downloaded,26330,200
xiang,2,xiang,xiang2.mp3,https://s3.amazonaws.com/media.yabla.com/chinese_static/audio/alicia/xiang2.mp3,downloaded,15045,200
xiang,3,xiang,xiang3.mp3,https://s3.amazonaws.com/media.yabla.com/chinese_static/audio/alicia/xiang3.mp3,downloaded,22568,200
xiang,4,xiang,xiang4.mp3,https://s3.amazonaws.com/media.yabla.com/chinese_static/audio/alicia/xiang4.mp3,downloaded,16926,200
xiao,1,xiao,xiao1.mp3,https://s3.amazonaws.com/media.yabla.com/chinese_static/audio/alicia/xiao1.mp3,downloaded,27584,200
xiao,2,xiao,xiao2.mp3,https://s3.amazonaws.com/media.yabla.com/chinese_static/audio/alicia/xiao2.mp3,downloaded,15672,200
xiao,3,xiao,xiao3.mp3,https://s3.amazonaws.com/media.yabla.com/chinese_static/audio/alicia/xiao3.mp3,downloaded,22568,200
xiao,4,xiao,xiao4.mp3,https://s3.amazonaws.com/media.yabla.com/chinese_static/audio/alicia/xiao4.mp3,downloaded,16926,200
xie,1,xie,xie1.mp3,https://s3.amazonaws.com/media.yabla.com/chinese_static/audio/alicia/xie1.mp3,downloaded,22568,200
xie,2,xie,xie2.mp3,https://s3.amazonaws.com/media.yabla.com/chinese_static/audio/alicia/xie2.mp3,downloaded,17553,200
xie,3,xie,xie3.mp3,https://s3.amazonaws.com/media.yabla.com/chinese_static/audio/alicia/xie3.mp3,downloaded,21315,200
xie,4,xie,xie4.mp3,https://s3.amazonaws.com/media.yabla.com/chinese_static/audio/alicia/xie4.mp3,downloaded,15672,200
xin,1,xin,xin1.mp3,https://s3.amazonaws.com/media.yabla.com/chinese_static/audio/alicia/xin1.mp3,downloaded,20061,200
xin,2,xin,xin2.mp3,https://s3.amazonaws.com/media.yabla.com/chinese_static/audio/alicia/xin2.mp3,downloaded,14418,200
xin,3,xin,xin3.mp3,https://s3.amazonaws.com/media.yabla.com/chinese_static/audio/alicia/xin3.mp3,downloaded,18180,200
xin,4,xin,xin4.mp3,https://s3.amazonaws.com/media.yabla.com/chinese_static/audio/alicia/xin4.mp3,downloaded,14418,200
xing,1,xing,xing1.mp3,https://s3.amazonaws.com/media.yabla.com/chinese_static/audio/alicia/xing1.mp3,downloaded,23719,200
xing,2,xing,xing2.mp3,https://s3.amazonaws.com/media.yabla.com/chinese_static/audio/alicia/xing2.mp3,downloaded,21941,200
xing,3,xing,xing3.mp3,https://s3.amazonaws.com/media.yabla.com/chinese_static/audio/alicia/xing3.mp3,downloaded,26645,200
xing,4,xing,xing4.mp3,https://s3.amazonaws.com/media.yabla.com/chinese_static/audio/alicia/xing4.mp3,downloaded,16299,200
xiong,1,xiong,xiong1.mp3,https://s3.amazonaws.com/media.yabla.com/chinese_static/audio/alicia/xiong1.mp3,downloaded,23195,200
xiong,2,xiong,xiong2.mp3,https://s3.amazonaws.com/media.yabla.com/chinese_static/audio/alicia/xiong2.mp3,downloaded,18807,200
xiong,3,xiong,xiong3.mp3,https://s3.amazonaws.com/media.yabla.com/chinese_static/audio/alicia/xiong3.mp3,downloaded,23822,200
xiong,4,xiong,xiong4.mp3,https://s3.amazonaws.com/media.yabla.com/chinese_static/audio/alicia/xiong4.mp3,downloaded,17553,200
xiu,1,xiu,xiu1.mp3,https://s3.amazonaws.com/media.yabla.com/chinese_static/audio/alicia/xiu1.mp3,downloaded,23822,200
xiu,2,xiu,xiu2.mp3,https://s3.amazonaws.com/media.yabla.com/chinese_static/audio/alicia/xiu2.mp3,downloaded,16926,200
xiu,3,xiu,xiu3.mp3,https://s3.amazonaws.com/media.yabla.com/chinese_static/audio/alicia/xiu3.mp3,downloaded,22568,200
xiu,4,xiu,xiu4.mp3,https://s3.amazonaws.com/media.yabla.com/chinese_static/audio/alicia/xiu4.mp3,downloaded,15045,200
xu,1,xu,xu1.mp3,https://s3.amazonaws.com/media.yabla.com/chinese_static/audio/alicia/xu1.mp3,downloaded,21941,200
xu,2,xu,xu2.mp3,https://s3.amazonaws.com/media.yabla.com/chinese_static/audio/alicia/xu2.mp3,downloaded,16299,200
xu,3,xu,xu3.mp3,https://s3.amazonaws.com/media.yabla.com/chinese_static/audio/alicia/xu3.mp3,downloaded,21941,200
xu,4,xu,xu4.mp3,https://s3.amazonaws.com/media.yabla.com/chinese_static/audio/alicia/xu4.mp3,downloaded,15672,200
xuan,1,xuan,xuan1.mp3,https://s3.amazonaws.com/media.yabla.com/chinese_static/audio/alicia/xuan1.mp3,downloaded,20688,200
xuan,2,xuan,xuan2.mp3,https://s3.amazonaws.com/media.yabla.com/chinese_static/audio/alicia/xuan2.mp3,downloaded,15045,200
xuan,3,xuan,xuan3.mp3,https://s3.amazonaws.com/media.yabla.com/chinese_static/audio/alicia/xuan3.mp3,downloaded,21941,200
xuan,4,xuan,xuan4.mp3,https://s3.amazonaws.com/media.yabla.com/chinese_static/audio/alicia/xuan4.mp3,downloaded,17553,200
xue,1,xue,xue1.mp3,https://s3.amazonaws.com/media.yabla.com/chinese_static/audio/alicia/xue1.mp3,downloaded,20688,200
xue,2,xue,xue2.mp3,https://s3.amazonaws.com/media.yabla.com/chinese_static/audio/alicia/xue2.mp3,downloaded,14418,200
xue,3,xue,xue3.mp3,https://s3.amazonaws.com/media.yabla.com/chinese_static/audio/alicia/xue3.mp3,downloaded,21941,200
xue,4,xue,xue4.mp3,https://s3.amazonaws.com/media.yabla.com/chinese_static/audio/alicia/xue4.mp3,downloaded,16299,200
xun,1,xun,xun1.mp3,https://s3.amazonaws.com/media.yabla.com/chinese_static/audio/alicia/xun1.mp3,downloaded,18807,200
xun,2,xun,xun2.mp3,https://s3.amazonaws.com/media.yabla.com/chinese_static/audio/alicia/xun2.mp3,downloaded,15045,200
xun,3,xun,xun3.mp3,https://s3.amazonaws.com/media.yabla.com/chinese_static/audio/alicia/xun3.mp3,downloaded,21941,200
xun,4,xun,xun4.mp3,https://s3.amazonaws.com/media.yabla.com/chinese_static/audio/alicia/xun4.mp3,downloaded,14418,200
ya,1,ya,ya1.mp3,https://s3.amazonaws.com/media.yabla.com/chinese_static/audio/alicia/ya1.mp3,downloaded,19434,200
ya,2,ya,ya2.mp3,https://s3.amazonaws.com/media.yabla.com/chinese_static/audio/alicia/ya2.mp3,downloaded,15045,200
ya,3,ya,ya3.mp3,https://s3.amazonaws.com/media.yabla.com/chinese_static/audio/alicia/ya3.mp3,downloaded,20061,200
ya,4,ya,ya4.mp3,https://s3.amazonaws.com/media.yabla.com/chinese_static/audio/alicia/ya4.mp3,downloaded,14418,200
yan,1,yan,yan1.mp3,https://s3.amazonaws.com/media.yabla.com/chinese_static/audio/alicia/yan1.mp3,downloaded,18807,200
yan,2,yan,yan2.mp3,https://s3.amazonaws.com/media.yabla.com/chinese_static/audio/alicia/yan2.mp3,downloaded,15045,200
yan,3,yan,yan3.mp3,https://s3.amazonaws.com/media.yabla.com/chinese_static/audio/alicia/yan3.mp3,downloaded,20061,200
yan,4,yan,yan4.mp3,https://s3.amazonaws.com/media.yabla.com/chinese_static/audio/alicia/yan4.mp3,downloaded,14418,200
yang,1,yang,yang1.mp3,https://s3.amazonaws.com/media.yabla.com/chinese_static/audio/alicia/yang1.mp3,downloaded,23822,200
yang,2,yang,yang2.mp3,https://s3.amazonaws.com/media.yabla.com/chinese_static/audio/alicia/yang2.mp3,downloaded,13791,200
yang,3,yang,yang3.mp3,https://s3.amazonaws.com/media.yabla.com/chinese_static/audio/alicia/yang3.mp3,downloaded,21941,200
yang,4,yang,yang4.mp3,https://s3.amazonaws.com/media.yabla.com/chinese_static/audio/alicia/yang4.mp3,downloaded,14418,200
yao,1,yao,yao1.mp3,https://s3.amazonaws.com/media.yabla.com/chinese_static/audio/alicia/yao1.mp3,downloaded,22568,200
yao,2,yao,yao2.mp3,https://s3.amazonaws.com/media.yabla.com/chinese_static/audio/alicia/yao2.mp3,downloaded,16299,200
yao,3,yao,yao3.mp3,https://s3.amazonaws.com/media.yabla.com/chinese_static/audio/alicia/yao3.mp3,downloaded,23822,200
yao,4,yao,yao4.mp3,https://s3.amazonaws.com/media.yabla.com/chinese_static/audio/alicia/yao4.mp3,downloaded,13791,200
ye,1,ye,ye1.mp3,https://s3.amazonaws.com/media.yabla.com/chinese_static/audio/alicia/ye1.mp3,downloaded,20688,200
ye,2,ye,ye2.mp3,https://s3.amazonaws.com/media.yabla.com/chinese_static/audio/alicia/ye2.mp3,downloaded,15672,200
ye,3,ye,ye3.mp3,https://s3.amazonaws.com/media.yabla.com/chinese_static/audio/alicia/ye3.mp3,downloaded,25076,200
ye,4,ye,ye4.mp3,https://s3.amazonaws.com/media.yabla.com/chinese_static/audio/alicia/ye4.mp3,downloaded,11284,200
yi,1,yi,yi1.mp3,https://s3.amazonaws.com/media.yabla.com/chinese_static/audio/alicia/yi1.mp3,downloaded,17553,200
yi,2,yi,yi2.mp3,https://s3.amazonaws.com/media.yabla.com/chinese_static/audio/alicia/yi2.mp3,downloaded,33435,200
yi,3,yi,yi3.mp3,https://s3.amazonaws.com/media.yabla.com/chinese_static/audio/alicia/yi3.mp3,downloaded,18180,200
yi,4,yi,yi4.mp3,https://s3.amazonaws.com/media.yabla.com/chinese_static/audio/alicia/yi4.mp3,downloaded,13791,200
yin,1,yin,yin1.mp3,https://s3.amazonaws.com/media.yabla.com/chinese_static/audio/alicia/yin1.mp3,downloaded,19434,200
yin,2,yin,yin2.mp3,https://s3.amazonaws.com/media.yabla.com/chinese_static/audio/alicia/yin2.mp3,downloaded,13791,200
yin,3,yin,yin3.mp3,https://s3.amazonaws.com/media.yabla.com/chinese_static/audio/alicia/yin3.mp3,downloaded,20688,200
yin,4,yin,yin4.mp3,https://s3.amazonaws.com/media.yabla.com/chinese_static/audio/alicia/yin4.mp3,downloaded,13791,200
ying,1,ying,ying1.mp3,https://s3.amazonaws.com/media.yabla.com/chinese_static/audio/alicia/ying1.mp3,downloaded,23301,200
ying,2,ying,ying2.mp3,https://s3.amazonaws.com/media.yabla.com/chinese_static/audio/alicia/ying2.mp3,downloaded,25494,200
ying,3,ying,ying3.mp3,https://s3.amazonaws.com/media.yabla.com/chinese_static/audio/alicia/ying3.mp3,downloaded,28317,200
ying,4,ying,ying4.mp3,https://s3.amazonaws.com/media.yabla.com/chinese_static/audio/alicia/ying4.mp3,downloaded,25391,200
yong,1,yong,yong1.mp3,https://s3.amazonaws.com/media.yabla.com/chinese_static/audio/alicia/yong1.mp3,downloaded,25076,200
yong,2,yong,yong2.mp3,https://s3.amazonaws.com/media.yabla.com/chinese_static/audio/alicia/yong2.mp3,downloaded,18180,200
yong,3,yong,yong3.mp3,https://s3.amazonaws.com/media.yabla.com/chinese_static/audio/alicia/yong3.mp3,downloaded,21315,200
yong,4,yong,yong4.mp3,https://s3.amazonaws.com/media.yabla.com/chinese_static/audio/alicia/yong4.mp3,downloaded,15045,200
you,1,you,you1.mp3,https://s3.amazonaws.com/media.yabla.com/chinese_static/audio/alicia/you1.mp3,downloaded,18180,200
you,2,you,you2.mp3,https://s3.amazonaws.com/media.yabla.com/chinese_static/audio/alicia/you2.mp3,downloaded,15045,200
you,3,you,you3.mp3,https://s3.amazonaws.com/media.yabla.com/chinese_static/audio/alicia/you3.mp3,downloaded,18807,200
you,4,you,you4.mp3,https://s3.amazonaws.com/media.yabla.com/chinese_static/audio/alicia/you4.mp3,downloaded,14418,200
yu,1,yu,yu1.mp3,https://s3.amazonaws.com/media.yabla.com/chinese_static/audio/alicia/yu1.mp3,downloaded,16926,200
yu,2,yu,yu2.mp3,https://s3.amazonaws.com/media.yabla.com/chinese_static/audio/alicia/yu2.mp3,downloaded,13791,200
yu,3,yu,yu3.mp3,https://s3.amazonaws.com/media.yabla.com/chinese_static/audio/alicia/yu3.mp3,downloaded,18807,200
yu,4,yu,yu4.mp3,https://s3.amazonaws.com/media.yabla.com/chinese_static/audio/alicia/yu4.mp3,downloaded,13164,200
yuan,1,yuan,yuan1.mp3,https://s3.amazonaws.com/media.yabla.com/chinese_static/audio/alicia/yuan1.mp3,downloaded,21315,200
yuan,2,yuan,yuan2.mp3,https://s3.amazonaws.com/media.yabla.com/chinese_static/audio/alicia/yuan2.mp3,downloaded,13164,200
yuan,3,yuan,yuan3.mp3,https://s3.amazonaws.com/media.yabla.com/chinese_static/audio/alicia/yuan3.mp3,downloaded,18180,200
yuan,4,yuan,yuan4.mp3,https://s3.amazonaws.com/media.yabla.com/chinese_static/audio/alicia/yuan4.mp3,downloaded,11910,200
yue,1,yue,yue1.mp3,https://s3.amazonaws.com/media.yabla.com/chinese_static/audio/alicia/yue1.mp3,downloaded,20688,200
yue,2,yue,yue2.mp3,https://s3.amazonaws.com/media.yabla.com/chinese_static/audio/alicia/yue2.mp3,downloaded,13791,200
yue,3,yue,yue3.mp3,https://s3.amazonaws.com/media.yabla.com/chinese_static/audio/alicia/yue3.mp3,downloaded,20688,200
yue,4,yue,yue4.mp3,https://s3.amazonaws.com/media.yabla.com/chinese_static/audio/alicia/yue4.mp3,downloaded,11910,200
yun,1,yun,yun1.mp3,https://s3.amazonaws.com/media.yabla.com/chinese_static/audio/alicia/yun1.mp3,downloaded,20688,200
yun,2,yun,yun2.mp3,https://s3.amazonaws.com/media.yabla.com/chinese_static/audio/alicia/yun2.mp3,downloaded,11910,200
yun,3,yun,yun3.mp3,https://s3.amazonaws.com/media.yabla.com/chinese_static/audio/alicia/yun3.mp3,downloaded,19434,200
yun,4,yun,yun4.mp3,https://s3.amazonaws.com/media.yabla.com/chinese_static/audio/alicia/yun4.mp3,downloaded,11910,200
za,1,za,za1.mp3,https://s3.amazonaws.com/media.yabla.com/chinese_static/audio/alicia/za1.mp3,downloaded,16299,200
za,2,za,za2.mp3,https://s3.amazonaws.com/media.yabla.com/chinese_static/audio/alicia/za2.mp3,downloaded,11284,200
za,3,za,za3.mp3,https://s3.amazonaws.com/media.yabla.com/chinese_static/audio/alicia/za3.mp3,downloaded,17553,200
za,4,za,za4.mp3,https://s3.amazonaws.com/media.yabla.com/chinese_static/audio/alicia/za4.mp3,downloaded,10657,200
zai,1,zai,zai1.mp3,https://s3.amazonaws.com/media.yabla.com/chinese_static/audio/alicia/zai1.mp3,downloaded,17553,200
zai,2,zai,zai2.mp3,https://s3.amazonaws.com/media.yabla.com/chinese_static/audio/alicia/zai2.mp3,downloaded,13164,200
zai,3,zai,zai3.mp3,https://s3.amazonaws.com/media.yabla.com/chinese_static/audio/alicia/zai3.mp3,downloaded,18180,200
zai,4,zai,zai4.mp3,https://s3.amazonaws.com/media.yabla.com/chinese_static/audio/alicia/zai4.mp3,downloaded,11910,200
zan,1,zan,zan1.mp3,https://s3.amazonaws.com/media.yabla.com/chinese_static/audio/alicia/zan1.mp3,downloaded,21941,200
zan,2,zan,zan2.mp3,https://s3.amazonaws.com/media.yabla.com/chinese_static/audio/alicia/zan2.mp3,downloaded,15045,200
zan,3,zan,zan3.mp3,https://s3.amazonaws.com/media.yabla.com/chinese_static/audio/alicia/zan3.mp3,downloaded,21941,200
zan,4,zan,zan4.mp3,https://s3.amazonaws.com/media.yabla.com/chinese_static/audio/alicia/zan4.mp3,downloaded,17553,200
zang,1,zang,zang1.mp3,https://s3.amazonaws.com/media.yabla.com/chinese_static/audio/alicia/zang1.mp3,downloaded,23822,200
zang,2,zang,zang2.mp3,https://s3.amazonaws.com/media.yabla.com/chinese_static/audio/alicia/zang2.mp3,downloaded,18807,200
zang,3,zang,zang3.mp3,https://s3.amazonaws.com/media.yabla.com/chinese_static/audio/alicia/zang3.mp3,downloaded,24449,200
zang,4,zang,zang4.mp3,https://s3.amazonaws.com/media.yabla.com/chinese_static/audio/alicia/zang4.mp3,downloaded,20061,200
zao,1,zao,zao1.mp3,https://s3.amazonaws.com/media.yabla.com/chinese_static/audio/alicia/zao1.mp3,downloaded,21315,200
zao,2,zao,zao2.mp3,https://s3.amazonaws.com/media.yabla.com/chinese_static/audio/alicia/zao2.mp3,downloaded,15045,200
zao,3,zao,zao3.mp3,https://s3.amazonaws.com/media.yabla.com/chinese_static/audio/alicia/zao3.mp3,downloaded,21941,200
zao,4,zao,zao4.mp3,https://s3.amazonaws.com/media.yabla.com/chinese_static/audio/alicia/zao4.mp3,downloaded,14418,200
ze,1,ze,ze1.mp3,https://s3.amazonaws.com/media.yabla.com/chinese_static/audio/alicia/ze1.mp3,downloaded,20688,200
ze,2,ze,ze2.mp3,https://s3.amazonaws.com/media.yabla.com/chinese_static/audio/alicia/ze2.mp3,downloaded,15045,200
ze,3,ze,ze3.mp3,https://s3.amazonaws.com/media.yabla.com/chinese_static/audio/alicia/ze3.mp3,downloaded,20061,200
ze,4,ze,ze4.mp3,https://s3.amazonaws.com/media.yabla.com/chinese_static/audio/alicia/ze4.mp3,downloaded,15672,200
zei,1,zei,zei1.mp3,https://s3.amazonaws.com/media.yabla.com/chinese_static/audio/alicia/zei1.mp3,downloaded,21315,200
zei,2,zei,zei2.mp3,https://s3.amazonaws.com/media.yabla.com/chinese_static/audio/alicia/zei2.mp3,downloaded,16926,200
zei,3,zei,zei3.mp3,https://s3.amazonaws.com/media.yabla.com/chinese_static/audio/alicia/zei3.mp3,downloaded,21315,200
zei,4,zei,zei4.mp3,https://s3.amazonaws.com/media.yabla.com/chinese_static/audio/alicia/zei4.mp3,downloaded,16299,200
zen,1,zen,zen1.mp3,https://s3.amazonaws.com/media.yabla.com/chinese_static/audio/alicia/zen1.mp3,downloaded,21315,200
zen,2,zen,zen2.mp3,https://s3.amazonaws.com/media.yabla.com/chinese_static/audio/alicia/zen2.mp3,downloaded,16926,200
zen,3,zen,zen3.mp3,https://s3.amazonaws.com/media.yabla.com/chinese_static/audio/alicia/zen3.mp3,downloaded,18807,200
zen,4,zen,zen4.mp3,https://s3.amazonaws.com/media.yabla.com/chinese_static/audio/alicia/zen4.mp3,downloaded,13791,200
zeng,1,zeng,zeng1.mp3,https://s3.amazonaws.com/media.yabla.com/chinese_static/audio/alicia/zeng1.mp3,downloaded,21732,200
zeng,2,zeng,zeng2.mp3,https://s3.amazonaws.com/media.yabla.com/chinese_static/audio/alicia/zeng2.mp3,downloaded,19225,200
zeng,3,zeng,zeng3.mp3,https://s3.amazonaws.com/media.yabla.com/chinese_static/audio/alicia/zeng3.mp3,downloaded,25076,200
zeng,4,zeng,zeng4.mp3,https://s3.amazonaws.com/media.yabla.com/chinese_static/audio/alicia/zeng4.mp3,downloaded,22568,200
zha,1,zha,zha1.mp3,https://s3.amazonaws.com/media.yabla.com/chinese_static/audio/alicia/zha1.mp3,downloaded,20061,200
zha,2,zha,zha2.mp3,https://s3.amazonaws.com/media.yabla.com/chinese_static/audio/alicia/zha2.mp3,downloaded,11284,200
zha,3,zha,zha3.mp3,https://s3.amazonaws.com/media.yabla.com/chinese_static/audio/alicia/zha3.mp3,downloaded,17553,200
zha,4,zha,zha4.mp3,https://s3.amazonaws.com/media.yabla.com/chinese_static/audio/alicia/zha4.mp3,downloaded,10657,200
zhai,1,zhai,zhai1.mp3,https://s3.amazonaws.com/media.yabla.com/chinese_static/audio/alicia/zhai1.mp3,downloaded,20061,200
zhai,2,zhai,zhai2.mp3,https://s3.amazonaws.com/media.yabla.com/chinese_static/audio/alicia/zhai2.mp3,downloaded,11910,200
zhai,3,zhai,zhai3.mp3,https://s3.amazonaws.com/media.yabla.com/chinese_static/audio/alicia/zhai3.mp3,downloaded,16926,200
zhai,4,zhai,zhai4.mp3,https://s3.amazonaws.com/media.yabla.com/chinese_static/audio/alicia/zhai4.mp3,downloaded,11284,200
zhan,1,zhan,zhan1.mp3,https://s3.amazonaws.com/media.yabla.com/chinese_static/audio/alicia/zhan1.mp3,downloaded,21315,200
zhan,2,zhan,zhan2.mp3,https://s3.amazonaws.com/media.yabla.com/chinese_static/audio/alicia/zhan2.mp3,downloaded,15672,200
zhan,3,zhan,zhan3.mp3,https://s3.amazonaws.com/media.yabla.com/chinese_static/audio/alicia/zhan3.mp3,downloaded,20688,200
zhan,4,zhan,zhan4.mp3,https://s3.amazonaws.com/media.yabla.com/chinese_static/audio/alicia/zhan4.mp3,downloaded,13791,200
zhang,1,zhang,zhang1.mp3,https://s3.amazonaws.com/media.yabla.com/chinese_static/audio/alicia/zhang1.mp3,downloaded,25076,200
zhang,2,zhang,zhang2.mp3,https://s3.amazonaws.com/media.yabla.com/chinese_static/audio/alicia/zhang2.mp3,downloaded,18180,200
zhang,3,zhang,zhang3.mp3,https://s3.amazonaws.com/media.yabla.com/chinese_static/audio/alicia/zhang3.mp3,downloaded,22568,200
zhang,4,zhang,zhang4.mp3,https://s3.amazonaws.com/media.yabla.com/chinese_static/audio/alicia/zhang4.mp3,downloaded,16299,200
zhao,1,zhao,zhao1.mp3,https://s3.amazonaws.com/media.yabla.com/chinese_static/audio/alicia/zhao1.mp3,downloaded,21941,200
zhao,2,zhao,zhao2.mp3,https://s3.amazonaws.com/media.yabla.com/chinese_static/audio/alicia/zhao2.mp3,downloaded,14418,200
zhao,3,zhao,zhao3.mp3,https://s3.amazonaws.com/media.yabla.com/chinese_static/audio/alicia/zhao3.mp3,downloaded,18807,200
zhao,4,zhao,zhao4.mp3,https://s3.amazonaws.com/media.yabla.com/chinese_static/audio/alicia/zhao4.mp3,downloaded,15045,200
zhe,1,zhe,zhe1.mp3,https://s3.amazonaws.com/media.yabla.com/chinese_static/audio/alicia/zhe1.mp3,downloaded,23822,200
zhe,2,zhe,zhe2.mp3,https://s3.amazonaws.com/media.yabla.com/chinese_static/audio/alicia/zhe2.mp3,downloaded,13791,200
zhe,3,zhe,zhe3.mp3,https://s3.amazonaws.com/media.yabla.com/chinese_static/audio/alicia/zhe3.mp3,downloaded,22568,200
zhe,4,zhe,zhe4.mp3,https://s3.amazonaws.com/media.yabla.com/chinese_static/audio/alicia/zhe4.mp3,downloaded,14418,200
zhei,1,zhei,zhei1.mp3,https://s3.amazonaws.com/media.yabla.com/chinese_static/audio/alicia/zhei1.mp3,downloaded,22568,200
zhei,2,zhei,zhei2.mp3,https://s3.amazonaws.com/media.yabla.com/chinese_static/audio/alicia/zhei2.mp3,downloaded,15672,200
zhei,3,zhei,zhei3.mp3,https://s3.amazonaws.com/media.yabla.com/chinese_static/audio/alicia/zhei3.mp3,downloaded,21941,200
zhei,4,zhei,zhei4.mp3,https://s3.amazonaws.com/media.yabla.com/chinese_static/audio/alicia/zhei4.mp3,downloaded,15672,200
zhen,1,zhen,zhen1.mp3,https://s3.amazonaws.com/media.yabla.com/chinese_static/audio/alicia/zhen1.mp3,downloaded,22568,200
zhen,2,zhen,zhen2.mp3,https://s3.amazonaws.com/media.yabla.com/chinese_static/audio/alicia/zhen2.mp3,downloaded,15672,200
zhen,3,zhen,zhen3.mp3,https://s3.amazonaws.com/media.yabla.com/chinese_static/audio/alicia/zhen3.mp3,downloaded,19434,200
zhen,4,zhen,zhen4.mp3,https://s3.amazonaws.com/media.yabla.com/chinese_static/audio/alicia/zhen4.mp3,downloaded,10657,200
zheng,1,zheng,zheng1.mp3,https://s3.amazonaws.com/media.yabla.com/chinese_static/audio/alicia/zheng1.mp3,downloaded,24240,200
zheng,2,zheng,zheng2.mp3,https://s3.amazonaws.com/media.yabla.com/chinese_static/audio/alicia/zheng2.mp3,downloaded,20479,200
zheng,3,zheng,zheng3.mp3,https://s3.amazonaws.com/media.yabla.com/chinese_static/audio/alicia/zheng3.mp3,downloaded,27584,200
zheng,4,zheng,zheng4.mp3,https://s3.amazonaws.com/media.yabla.com/chinese_static/audio/alicia/zheng4.mp3,downloaded,17553,200
zhi,1,zhi,zhi1.mp3,https://s3.amazonaws.com/media.yabla.com/chinese_static/audio/alicia/zhi1.mp3,downloaded,20688,200
zhi,2,zhi,zhi2.mp3,https://s3.amazonaws.com/media.yabla.com/chinese_static/audio/alicia/zhi2.mp3,downloaded,11284,200
zhi,3,zhi,zhi3.mp3,https://s3.amazonaws.com/media.yabla.com/chinese_static/audio/alicia/zhi3.mp3,downloaded,20061,200
zhi,4,zhi,zhi4.mp3,https://s3.amazonaws.com/media.yabla.com/chinese_static/audio/alicia/zhi4.mp3,downloaded,14418,200
zhong,1,zhong,zhong1.mp3,https://s3.amazonaws.com/media.yabla.com/chinese_static/audio/alicia/zhong1.mp3,downloaded,24449,200
zhong,2,zhong,zhong2.mp3,https://s3.amazonaws.com/media.yabla.com/chinese_static/audio/alicia/zhong2.mp3,downloaded,14418,200
zhong,3,zhong,zhong3.mp3,https://s3.amazonaws.com/media.yabla.com/chinese_static/audio/alicia/zhong3.mp3,downloaded,21941,200
zhong,4,zhong,zhong4.mp3,https://s3.amazonaws.com/media.yabla.com/chinese_static/audio/alicia/zhong4.mp3,downloaded,13164,200
zhou,1,zhou,zhou1.mp3,https://s3.amazonaws.com/media.yabla.com/chinese_static/audio/alicia/zhou1.mp3,downloaded,22568,200
zhou,2,zhou,zhou2.mp3,https://s3.amazonaws.com/media.yabla.com/chinese_static/audio/alicia/zhou2.mp3,downloaded,16926,200
zhou,3,zhou,zhou3.mp3,https://s3.amazonaws.com/media.yabla.com/chinese_static/audio/alicia/zhou3.mp3,downloaded,23822,200
zhou,4,zhou,zhou4.mp3,https://s3.amazonaws.com/media.yabla.com/chinese_static/audio/alicia/zhou4.mp3,downloaded,15672,200
zhu,1,zhu,zhu1.mp3,https://s3.amazonaws.com/media.yabla.com/chinese_static/audio/alicia/zhu1.mp3,downloaded,21941,200
zhu,2,zhu,zhu2.mp3,https://s3.amazonaws.com/media.yabla.com/chinese_static/audio/alicia/zhu2.mp3,downloaded,14418,200
zhu,3,zhu,zhu3.mp3,https://s3.amazonaws.com/media.yabla.com/chinese_static/audio/alicia/zhu3.mp3,downloaded,19434,200
zhu,4,zhu,zhu4.mp3,https://s3.amazonaws.com/media.yabla.com/chinese_static/audio/alicia/zhu4.mp3,downloaded,14418,200
zhua,1,zhua,zhua1.mp3,https://s3.amazonaws.com/media.yabla.com/chinese_static/audio/alicia/zhua1.mp3,downloaded,22568,200
zhua,2,zhua,zhua2.mp3,https://s3.amazonaws.com/media.yabla.com/chinese_static/audio/alicia/zhua2.mp3,downloaded,16299,200
zhua,3,zhua,zhua3.mp3,https://s3.amazonaws.com/media.yabla.com/chinese_static/audio/alicia/zhua3.mp3,downloaded,22568,200
zhua,4,zhua,zhua4.mp3,https://s3.amazonaws.com/media.yabla.com/chinese_static/audio/alicia/zhua4.mp3,downloaded,15045,200
zhuai,1,zhuai,zhuai1.mp3,https://s3.amazonaws.com/media.yabla.com/chinese_static/audio/alicia/zhuai1.mp3,downloaded,21941,200
zhuai,2,zhuai,zhuai2.mp3,https://s3.amazonaws.com/media.yabla.com/chinese_static/audio/alicia/zhuai2.mp3,downloaded,16926,200
zhuai,3,zhuai,zhuai3.mp3,https://s3.amazonaws.com/media.yabla.com/chinese_static/audio/alicia/zhuai3.mp3,downloaded,21941,200
zhuai,4,zhuai,zhuai4.mp3,https://s3.amazonaws.com/media.yabla.com/chinese_static/audio/alicia/zhuai4.mp3,downloaded,18807,200
zhuan,1,zhuan,zhuan1.mp3,https://s3.amazonaws.com/media.yabla.com/chinese_static/audio/alicia/zhuan1.mp3,downloaded,25076,200
zhuan,2,zhuan,zhuan2.mp3,https://s3.amazonaws.com/media.yabla.com/chinese_static/audio/alicia/zhuan2.mp3,downloaded,16299,200
zhuan,3,zhuan,zhuan3.mp3,https://s3.amazonaws.com/media.yabla.com/chinese_static/audio/alicia/zhuan3.mp3,downloaded,21315,200
zhuan,4,zhuan,zhuan4.mp3,https://s3.amazonaws.com/media.yabla.com/chinese_static/audio/alicia/zhuan4.mp3,downloaded,15045,200
zhuang,1,zhuang,zhuang1.mp3,https://s3.amazonaws.com/media.yabla.com/chinese_static/audio/alicia/zhuang1.mp3,downloaded,23195,200
zhuang,2,zhuang,zhuang2.mp3,https://s3.amazonaws.com/media.yabla.com/chinese_static/audio/alicia/zhuang2.mp3,downloaded,16926,200
zhuang,3,zhuang,zhuang3.mp3,https://s3.amazonaws.com/media.yabla.com/chinese_static/audio/alicia/zhuang3.mp3,downloaded,22568,200
zhuang,4,zhuang,zhuang4.mp3,https://s3.amazonaws.com/media.yabla.com/chinese_static/audio/alicia/zhuang4.mp3,downloaded,18180,200
zhui,1,zhui,zhui1.mp3,https://s3.amazonaws.com/media.yabla.com/chinese_static/audio/alicia/zhui1.mp3,downloaded,21941,200
zhui,2,zhui,zhui2.mp3,https://s3.amazonaws.com/media.yabla.com/chinese_static/audio/alicia/zhui2.mp3,downloaded,17553,200
zhui,3,zhui,zhui3.mp3,https://s3.amazonaws.com/media.yabla.com/chinese_static/audio/alicia/zhui3.mp3,downloaded,21941,200
zhui,4,zhui,zhui4.mp3,https://s3.amazonaws.com/media.yabla.com/chinese_static/audio/alicia/zhui4.mp3,downloaded,15672,200
zhun,1,zhun,zhun1.mp3,https://s3.amazonaws.com/media.yabla.com/chinese_static/audio/alicia/zhun1.mp3,downloaded,21941,200
zhun,2,zhun,zhun2.mp3,https://s3.amazonaws.com/media.yabla.com/chinese_static/audio/alicia/zhun2.mp3,downloaded,13164,200
zhun,3,zhun,zhun3.mp3,https://s3.amazonaws.com/media.yabla.com/chinese_static/audio/alicia/zhun3.mp3,downloaded,17553,200
zhun,4,zhun,zhun4.mp3,https://s3.amazonaws.com/media.yabla.com/chinese_static/audio/alicia/zhun4.mp3,downloaded,13791,200
zhuo,1,zhuo,zhuo1.mp3,https://s3.amazonaws.com/media.yabla.com/chinese_static/audio/alicia/zhuo1.mp3,downloaded,23195,200
zhuo,2,zhuo,zhuo2.mp3,https://s3.amazonaws.com/media.yabla.com/chinese_static/audio/alicia/zhuo2.mp3,downloaded,16299,200
zhuo,3,zhuo,zhuo3.mp3,https://s3.amazonaws.com/media.yabla.com/chinese_static/audio/alicia/zhuo3.mp3,downloaded,22568,200
zhuo,4,zhuo,zhuo4.mp3,https://s3.amazonaws.com/media.yabla.com/chinese_static/audio/alicia/zhuo4.mp3,downloaded,16299,200
zi,1,zi,zi1.mp3,https://s3.amazonaws.com/media.yabla.com/chinese_static/audio/alicia/zi1.mp3,downloaded,21941,200
zi,2,zi,zi2.mp3,https://s3.amazonaws.com/media.yabla.com/chinese_static/audio/alicia/zi2.mp3,downloaded,14418,200
zi,3,zi,zi3.mp3,https://s3.amazonaws.com/media.yabla.com/chinese_static/audio/alicia/zi3.mp3,downloaded,22568,200
zi,4,zi,zi4.mp3,https://s3.amazonaws.com/media.yabla.com/chinese_static/audio/alicia/zi4.mp3,downloaded,12537,200
zong,1,zong,zong1.mp3,https://s3.amazonaws.com/media.yabla.com/chinese_static/audio/alicia/zong1.mp3,downloaded,26330,200
zong,2,zong,zong2.mp3,https://s3.amazonaws.com/media.yabla.com/chinese_static/audio/alicia/zong2.mp3,downloaded,18180,200
zong,3,zong,zong3.mp3,https://s3.amazonaws.com/media.yabla.com/chinese_static/audio/alicia/zong3.mp3,downloaded,20688,200
zong,4,zong,zong4.mp3,https://s3.amazonaws.com/media.yabla.com/chinese_static/audio/alicia/zong4.mp3,downloaded,15045,200
zou,1,zou,zou1.mp3,https://s3.amazonaws.com/media.yabla.com/chinese_static/audio/alicia/zou1.mp3,downloaded,23195,200
zou,2,zou,zou2.mp3,https://s3.amazonaws.com/media.yabla.com/chinese_static/audio/alicia/zou2.mp3,downloaded,16926,200
zou,3,zou,zou3.mp3,https://s3.amazonaws.com/media.yabla.com/chinese_static/audio/alicia/zou3.mp3,downloaded,21315,200
zou,4,zou,zou4.mp3,https://s3.amazonaws.com/media.yabla.com/chinese_static/audio/alicia/zou4.mp3,downloaded,15045,200
zu,1,zu,zu1.mp3,https://s3.amazonaws.com/media.yabla.com/chinese_static/audio/alicia/zu1.mp3,downloaded,21315,200
zu,2,zu,zu2.mp3,https://s3.amazonaws.com/media.yabla.com/chinese_static/audio/alicia/zu2.mp3,downloaded,13164,200
zu,3,zu,zu3.mp3,https://s3.amazonaws.com/media.yabla.com/chinese_static/audio/alicia/zu3.mp3,downloaded,20061,200
zu,4,zu,zu4.mp3,https://s3.amazonaws.com/media.yabla.com/chinese_static/audio/alicia/zu4.mp3,downloaded,14418,200
zuan,1,zuan,zuan1.mp3,https://s3.amazonaws.com/media.yabla.com/chinese_static/audio/alicia/zuan1.mp3,downloaded,21941,200
zuan,2,zuan,zuan2.mp3,https://s3.amazonaws.com/media.yabla.com/chinese_static/audio/alicia/zuan2.mp3,downloaded,15672,200
zuan,3,zuan,zuan3.mp3,https://s3.amazonaws.com/media.yabla.com/chinese_static/audio/alicia/zuan3.mp3,downloaded,19434,200
zuan,4,zuan,zuan4.mp3,https://s3.amazonaws.com/media.yabla.com/chinese_static/audio/alicia/zuan4.mp3,downloaded,16299,200
zui,1,zui,zui1.mp3,https://s3.amazonaws.com/media.yabla.com/chinese_static/audio/alicia/zui1.mp3,downloaded,20688,200
zui,2,zui,zui2.mp3,https://s3.amazonaws.com/media.yabla.com/chinese_static/audio/alicia/zui2.mp3,downloaded,16926,200
zui,3,zui,zui3.mp3,https://s3.amazonaws.com/media.yabla.com/chinese_static/audio/alicia/zui3.mp3,downloaded,23195,200
zui,4,zui,zui4.mp3,https://s3.amazonaws.com/media.yabla.com/chinese_static/audio/alicia/zui4.mp3,downloaded,13791,200
zun,1,zun,zun1.mp3,https://s3.amazonaws.com/media.yabla.com/chinese_static/audio/alicia/zun1.mp3,downloaded,21315,200
zun,2,zun,zun2.mp3,https://s3.amazonaws.com/media.yabla.com/chinese_static/audio/alicia/zun2.mp3,downloaded,14418,200
zun,3,zun,zun3.mp3,https://s3.amazonaws.com/media.yabla.com/chinese_static/audio/alicia/zun3.mp3,downloaded,20061,200
zun,4,zun,zun4.mp3,https://s3.amazonaws.com/media.yabla.com/chinese_static/audio/alicia/zun4.mp3,downloaded,16299,200
zuo,1,zuo,zuo1.mp3,https://s3.amazonaws.com/media.yabla.com/chinese_static/audio/alicia/zuo1.mp3,downloaded,19225,200
zuo,2,zuo,zuo2.mp3,https://s3.amazonaws.com/media.yabla.com/chinese_static/audio/alicia/zuo2.mp3,downloaded,17553,200
zuo,3,zuo,zuo3.mp3,https://s3.amazonaws.com/media.yabla.com/chinese_static/audio/alicia/zuo3.mp3,downloaded,22150,200
zuo,4,zuo,zuo4.mp3,https://s3.amazonaws.com/media.yabla.com/chinese_static/audio/alicia/zuo4.mp3,downloaded,15881,200
